kernel,kind,method,trial,eigenfunction_id,spectral_bias,metric_distortion,truncation,residual_spurious_score,spectral_gap,est_eig_real,est_eig_imag,gap
linear,omega=0.5,Principal Components (kDMD),0,1,0.0,9.114361876725072,0.0,0.13804691422629917,0.0,1.0000053659265455,0.009108663180870918,0.0
linear,omega=0.5,Principal Components (kDMD),0,2,0.0,9.114361876725072,0.0,0.13804691422629917,0.0,1.0000053659265455,-0.009108663180870918,0.0
linear,omega=0.5,Principal Components (kDMD),0,3,,,0.0,,0.0,4.756600500477789e-09,0.0,0.0
linear,omega=0.5,Principal Components (kDMD),0,4,0.0,0.0,0.0,0.9999927855638401,0.0,-6.894890313324489e-10,2.108595382786787e-09,0.0
linear,omega=0.5,Principal Components (kDMD),0,5,0.0,0.0,0.0,0.9999927855638401,0.0,-6.894890313324489e-10,-2.108595382786787e-09,0.0
linear,omega=0.5,Principal Components (kDMD),1,1,0.0,8.565383200881836,0.0,0.11758420403260067,0.0,0.9999704598548207,0.011500978822306291,0.0
linear,omega=0.5,Principal Components (kDMD),1,2,0.0,8.565383200881836,0.0,0.11758420403260067,0.0,0.9999704598548207,-0.011500978822306291,0.0
linear,omega=0.5,Principal Components (kDMD),1,3,0.0,0.0,0.0,1.0001741316182,0.0,-1.3402525876429389e-09,5.123031947098622e-09,0.0
linear,omega=0.5,Principal Components (kDMD),1,4,0.0,0.0,0.0,1.0001741316182,0.0,-1.3402525876429389e-09,-5.123031947098622e-09,0.0
linear,omega=0.5,Principal Components (kDMD),1,5,0.0,0.0,0.0,1.000008275854541,0.0,-4.858704396883884e-09,0.0,0.0
linear,omega=0.5,Principal Components (kDMD),2,1,0.0,9.213613142153926,0.0,0.1333989373540208,0.0,0.9999622052721586,0.008853890919492619,0.0
linear,omega=0.5,Principal Components (kDMD),2,2,0.0,9.213613142153926,0.0,0.1333989373540208,0.0,0.9999622052721586,-0.008853890919492619,0.0
linear,omega=0.5,Principal Components (kDMD),2,3,0.0,0.0,0.0,1.0002069541175298,0.0,-9.343351616906866e-09,8.189533252492567e-09,0.0
linear,omega=0.5,Principal Components (kDMD),2,4,0.0,0.0,0.0,1.0002069541175298,0.0,-9.343351616906866e-09,-8.189533252492567e-09,0.0
linear,omega=0.5,Principal Components (kDMD),2,5,0.0,0.0,0.0,1.0050239131864334,0.0,7.791525664709734e-09,0.0,0.0
linear,omega=0.5,Principal Components (kDMD),3,1,0.0,8.92059207953369,0.0,0.08730369955716542,0.0,0.9998755168706934,0.01024095857945826,0.0
linear,omega=0.5,Principal Components (kDMD),3,2,0.0,8.92059207953369,0.0,0.08730369955716542,0.0,0.9998755168706934,-0.01024095857945826,0.0
linear,omega=0.5,Principal Components (kDMD),3,3,0.0,0.0,0.0,1.000176813975914,0.0,4.257527493309198e-09,5.0398461221817e-09,0.0
linear,omega=0.5,Principal Components (kDMD),3,4,0.0,0.0,0.0,1.000176813975914,0.0,4.257527493309198e-09,-5.0398461221817e-09,0.0
linear,omega=0.5,Principal Components (kDMD),3,5,0.0,0.0,0.0,1.0004460971880957,0.0,-9.721710658203763e-10,0.0,0.0
linear,omega=0.5,Principal Components (kDMD),4,1,0.0,9.400208993400508,0.0,0.13974636656553727,0.0,0.9999553325798227,0.008365711176350753,0.0
linear,omega=0.5,Principal Components (kDMD),4,2,0.0,9.400208993400508,0.0,0.13974636656553727,0.0,0.9999553325798227,-0.008365711176350753,0.0
linear,omega=0.5,Principal Components (kDMD),4,3,0.0,0.0,0.0,1.0000926670275383,0.0,1.6485345038745387e-08,0.0,0.0
linear,omega=0.5,Principal Components (kDMD),4,4,0.0,0.0,0.0,0.9999948330007415,0.0,-4.503693726155582e-09,9.655822812090714e-10,0.0
linear,omega=0.5,Principal Components (kDMD),4,5,0.0,0.0,0.0,0.9999948330007415,0.0,-4.503693726155582e-09,-9.655822812090714e-10,0.0
linear,omega=0.5,Principal Components (kDMD),5,1,0.0,16.09092191805605,0.0,0.15791356325872816,0.0,0.9998338605501063,0.0024937322802215394,0.0
linear,omega=0.5,Principal Components (kDMD),5,2,0.0,16.09092191805605,0.0,0.15791356325872816,0.0,0.9998338605501063,-0.0024937322802215394,0.0
linear,omega=0.5,Principal Components (kDMD),5,3,0.0,0.0,0.0,1.0000727310602373,0.0,-1.0493822923910239e-08,0.0,0.0
linear,omega=0.5,Principal Components (kDMD),5,4,0.0,0.0,0.0,1.0000534128928489,0.0,6.601782628740702e-09,0.0,0.0
linear,omega=0.5,Principal Components (kDMD),5,5,0.0,0.0,0.0,1.0003134923196753,0.0,-4.372787450420218e-09,0.0,0.0
linear,omega=0.5,Principal Components (kDMD),6,1,0.0,8.512308074329964,0.0,0.11110871809617553,0.0,1.0000403594568832,0.012565478808575939,0.0
linear,omega=0.5,Principal Components (kDMD),6,2,0.0,8.512308074329964,0.0,0.11110871809617553,0.0,1.0000403594568832,-0.012565478808575939,0.0
linear,omega=0.5,Principal Components (kDMD),6,3,0.0,0.0,0.0,1.0006536059336428,0.0,-6.368080055760725e-09,2.839079056193263e-09,0.0
linear,omega=0.5,Principal Components (kDMD),6,4,0.0,0.0,0.0,1.0006536059336428,0.0,-6.368080055760725e-09,-2.839079056193263e-09,0.0
linear,omega=0.5,Principal Components (kDMD),6,5,0.0,0.0,0.0,1.0001450414363495,0.0,3.6083959220180123e-09,0.0,0.0
linear,omega=0.5,Principal Components (kDMD),7,1,0.0,9.285293357532893,0.0,0.13779620624279565,0.0,0.9998398633154792,0.008643929028624825,0.0
linear,omega=0.5,Principal Components (kDMD),7,2,0.0,9.285293357532893,0.0,0.13779620624279565,0.0,0.9998398633154792,-0.008643929028624825,0.0
linear,omega=0.5,Principal Components (kDMD),7,3,0.0,0.0,0.0,1.0002723655850287,0.0,7.900218665898172e-09,0.0,0.0
linear,omega=0.5,Principal Components (kDMD),7,4,,,0.0,,0.0,-7.4257104238071656e-09,0.0,0.0
linear,omega=0.5,Principal Components (kDMD),7,5,0.0,0.0,0.0,1.0000029295230837,0.0,3.9787441965759586e-10,0.0,0.0
linear,omega=0.5,Principal Components (kDMD),8,1,0.0,9.188280926951535,0.0,0.1362958837743672,0.0,0.9999996430819912,0.008875274158555255,0.0
linear,omega=0.5,Principal Components (kDMD),8,2,0.0,9.188280926951535,0.0,0.1362958837743672,0.0,0.9999996430819912,-0.008875274158555255,0.0
linear,omega=0.5,Principal Components (kDMD),8,3,0.0,0.0,0.0,1.0001840113547937,0.0,2.147663785912073e-09,4.3176529304769655e-09,0.0
linear,omega=0.5,Principal Components (kDMD),8,4,0.0,0.0,0.0,1.0001840113547937,0.0,2.147663785912073e-09,-4.3176529304769655e-09,0.0
linear,omega=0.5,Principal Components (kDMD),8,5,0.0,0.0,0.0,1.000972444942342,0.0,1.2894008444561346e-09,0.0,0.0
linear,omega=0.5,Principal Components (kDMD),9,1,0.0,9.233520846023172,0.0,0.14243201646979678,0.0,1.000000939918063,0.008756265169606809,0.0
linear,omega=0.5,Principal Components (kDMD),9,2,0.0,9.233520846023172,0.0,0.14243201646979678,0.0,1.000000939918063,-0.008756265169606809,0.0
linear,omega=0.5,Principal Components (kDMD),9,3,0.0,0.0,0.0,1.0002863961457575,0.0,-7.2469626359664284e-09,1.1160093203014493e-08,0.0
linear,omega=0.5,Principal Components (kDMD),9,4,0.0,0.0,0.0,1.0002863961457575,0.0,-7.2469626359664284e-09,-1.1160093203014493e-08,0.0
linear,omega=0.5,Principal Components (kDMD),9,5,0.0,0.0,0.0,1.000491796056772,0.0,1.1701292938183596e-08,0.0,0.0
linear,omega=0.5,Reduced Rank,0,1,3.1670541176098323e-16,0.25106937575184063,1.2614258939888308e-15,0.14080494161416776,0.0,1.0021428757893842,0.008946210657737007,0.0
linear,omega=0.5,Reduced Rank,0,2,3.1670541176098323e-16,0.25106937575184063,1.2614258939888308e-15,0.14080494161416776,0.0,1.0021428757893842,-0.008946210657737007,0.0
linear,omega=0.5,Reduced Rank,0,3,,,1.2614258939888308e-15,,0.0,2.743714332596927e-07,0.0,0.0
linear,omega=0.5,Reduced Rank,0,4,0.0,0.0,1.2614258939888308e-15,1.0000892807022763,0.0,-2.391541928534138e-07,0.0,0.0
linear,omega=0.5,Reduced Rank,0,5,,,1.2614258939888308e-15,,0.0,7.101391519146125e-38,0.0,0.0
linear,omega=0.5,Reduced Rank,1,1,7.010391487810726e-16,0.42941282051939605,1.6325529077895977e-15,0.11759338761757251,0.0,1.0000212320354671,0.01150071259546301,0.0
linear,omega=0.5,Reduced Rank,1,2,7.010391487810726e-16,0.42941282051939605,1.6325529077895977e-15,0.11759338761757251,0.0,1.0000212320354671,-0.01150071259546301,0.0
linear,omega=0.5,Reduced Rank,1,3,,,1.6325529077895977e-15,,0.0,2.99861639025171e-07,1.574076269212632e-07,0.0
linear,omega=0.5,Reduced Rank,1,4,,,1.6325529077895977e-15,,0.0,2.99861639025171e-07,-1.574076269212632e-07,0.0
linear,omega=0.5,Reduced Rank,1,5,,,1.6325529077895977e-15,,0.0,-7.071835899413181e-23,0.0,0.0
linear,omega=0.5,Reduced Rank,2,1,,,1.564475665243155e-15,,0.0,0.9999692373685148,0.008854182600173798,0.0
linear,omega=0.5,Reduced Rank,2,2,,,1.564475665243155e-15,,0.0,0.9999692373685148,-0.008854182600173798,0.0
linear,omega=0.5,Reduced Rank,2,3,,,1.564475665243155e-15,,0.0,-3.667682146704943e-07,0.0,0.0
linear,omega=0.5,Reduced Rank,2,4,,,1.564475665243155e-15,,0.0,-5.817173065097462e-30,0.0,0.0
linear,omega=0.5,Reduced Rank,3,1,,,1.6136877703715377e-15,,0.0,1.0001487442884867,0.01024197648256584,0.0
linear,omega=0.5,Reduced Rank,3,2,,,1.6136877703715377e-15,,0.0,1.0001487442884867,-0.01024197648256584,0.0
linear,omega=0.5,Reduced Rank,3,3,,,1.6136877703715377e-15,,0.0,-2.441962525305827e-07,0.0,0.0
linear,omega=0.5,Reduced Rank,3,4,,,1.6136877703715377e-15,,0.0,-9.6207812501438e-29,0.0,0.0
linear,omega=0.5,Reduced Rank,4,1,,,1.6315225138637294e-15,,0.0,1.0000107724001515,0.008366250723089533,0.0
linear,omega=0.5,Reduced Rank,4,2,,,1.6315225138637294e-15,,0.0,1.0000107724001515,-0.008366250723089533,0.0
linear,omega=0.5,Reduced Rank,4,3,,,1.6315225138637294e-15,,0.0,-8.078770459142507e-10,0.0,0.0
linear,omega=0.5,Reduced Rank,4,4,,,1.6315225138637294e-15,,0.0,-9.55728900093652e-27,0.0,0.0
linear,omega=0.5,Reduced Rank,5,1,,,1.4505724697597173e-15,,0.0,0.9998594639287612,0.002493521989552903,0.0
linear,omega=0.5,Reduced Rank,5,2,,,1.4505724697597173e-15,,0.0,0.9998594639287612,-0.002493521989552903,0.0
linear,omega=0.5,Reduced Rank,5,3,,,1.4505724697597173e-15,,0.0,-1.4471506110194446e-07,0.0,0.0
linear,omega=0.5,Reduced Rank,5,4,,,1.4505724697597173e-15,,0.0,-7.869633617743861e-08,0.0,0.0
linear,omega=0.5,Reduced Rank,5,5,,,1.4505724697597173e-15,,0.0,1.3315938206080769e-22,0.0,0.0
linear,omega=0.5,Reduced Rank,6,1,,,1.4780211519189532e-15,,0.0,1.0002039602527069,0.012571184787976968,0.0
linear,omega=0.5,Reduced Rank,6,2,,,1.4780211519189532e-15,,0.0,1.0002039602527069,-0.012571184787976968,0.0
linear,omega=0.5,Reduced Rank,6,3,,,1.4780211519189532e-15,,0.0,5.88362465362969e-08,1.1024206049673144e-07,0.0
linear,omega=0.5,Reduced Rank,6,4,,,1.4780211519189532e-15,,0.0,5.88362465362969e-08,-1.1024206049673144e-07,0.0
linear,omega=0.5,Reduced Rank,7,1,,,1.3232967634116418e-15,,0.0,1.0006352792766164,0.008588927077939353,0.0
linear,omega=0.5,Reduced Rank,7,2,,,1.3232967634116418e-15,,0.0,1.0006352792766164,-0.008588927077939353,0.0
linear,omega=0.5,Reduced Rank,7,3,0.0,0.0,1.3232967634116418e-15,1.000387156603476,0.0,-9.712991100245179e-07,3.085875686605054e-07,0.0
linear,omega=0.5,Reduced Rank,7,4,0.0,0.0,1.3232967634116418e-15,1.000387156603476,0.0,-9.712991100245179e-07,-3.085875686605054e-07,0.0
linear,omega=0.5,Reduced Rank,7,5,,,1.3232967634116418e-15,,0.0,2.421050971070891e-38,0.0,0.0
linear,omega=0.5,Reduced Rank,8,1,3.0674068256250362e-16,0.20471663368692458,1.4983671675238933e-15,0.13336708691039095,0.0,1.0008217736296694,0.008840195015270775,0.0
linear,omega=0.5,Reduced Rank,8,2,3.0674068256250362e-16,0.20471663368692458,1.4983671675238933e-15,0.13336708691039095,0.0,1.0008217736296694,-0.008840195015270775,0.0
linear,omega=0.5,Reduced Rank,8,3,,,1.4983671675238933e-15,,0.0,1.7371798890292688e-07,2.2030439034161217e-07,0.0
linear,omega=0.5,Reduced Rank,8,4,,,1.4983671675238933e-15,,0.0,1.7371798890292688e-07,-2.2030439034161217e-07,0.0
linear,omega=0.5,Reduced Rank,8,5,3.3127169159834e-14,22.10884613454115,1.4983671675238933e-15,1.0005296374174837,0.0,-6.154056976375965e-21,0.0,0.0
linear,omega=0.5,Reduced Rank,9,1,,,1.4571747397057153e-15,,0.0,1.0056679685072567,0.006955146952729762,0.0
linear,omega=0.5,Reduced Rank,9,2,,,1.4571747397057153e-15,,0.0,1.0056679685072567,-0.006955146952729762,0.0
linear,omega=0.5,Reduced Rank,9,3,,,1.4571747397057153e-15,,0.0,-1.387192969283386e-07,0.0,0.0
linear,omega=0.5,Reduced Rank,9,4,,,1.4571747397057153e-15,,0.0,3.943229716214745e-08,7.33733198853461e-08,0.0
linear,omega=0.5,Reduced Rank,9,5,,,1.4571747397057153e-15,,0.0,3.943229716214745e-08,-7.33733198853461e-08,0.0
linear,omega=0.8,Principal Components (kDMD),0,1,0.0,10.215361294415064,0.0,0.13100085350432644,0.0,0.9999098856684334,0.008302828301727162,0.0
linear,omega=0.8,Principal Components (kDMD),0,2,0.0,10.215361294415064,0.0,0.13100085350432644,0.0,0.9999098856684334,-0.008302828301727162,0.0
linear,omega=0.8,Principal Components (kDMD),0,3,0.0,0.0,0.0,1.000136895096231,0.0,-1.335542637512946e-08,0.0,0.0
linear,omega=0.8,Principal Components (kDMD),0,4,,,0.0,,0.0,1.2901047914816546e-08,0.0,0.0
linear,omega=0.8,Principal Components (kDMD),0,5,0.0,0.0,0.0,0.9999821947124625,0.0,-2.187521820590437e-09,0.0,0.0
linear,omega=0.8,Principal Components (kDMD),1,1,0.0,8.197942148139028,0.0,0.10318737166535134,0.0,1.0000295573186608,0.013003117615695448,0.0
linear,omega=0.8,Principal Components (kDMD),1,2,0.0,8.197942148139028,0.0,0.10318737166535134,0.0,1.0000295573186608,-0.013003117615695448,0.0
linear,omega=0.8,Principal Components (kDMD),1,3,,,0.0,,0.0,7.902219111070726e-09,0.0,0.0
linear,omega=0.8,Principal Components (kDMD),1,4,0.0,0.0,0.0,1.0002217613374953,0.0,3.1264897367278585e-09,0.0,0.0
linear,omega=0.8,Principal Components (kDMD),1,5,0.0,0.0,0.0,1.0001602065247024,0.0,-4.4729143625264737e-10,0.0,0.0
linear,omega=0.8,Principal Components (kDMD),2,1,0.0,11.858797085936754,0.0,0.12327102957661563,0.0,1.0000577650970723,0.005134424413162266,0.0
linear,omega=0.8,Principal Components (kDMD),2,2,0.0,11.858797085936754,0.0,0.12327102957661563,0.0,1.0000577650970723,-0.005134424413162266,0.0
linear,omega=0.8,Principal Components (kDMD),2,3,0.0,0.0,0.0,1.0004336902638697,0.0,-6.5177067651545965e-09,2.9112722986083682e-09,0.0
linear,omega=0.8,Principal Components (kDMD),2,4,0.0,0.0,0.0,1.0004336902638697,0.0,-6.5177067651545965e-09,-2.9112722986083682e-09,0.0
linear,omega=0.8,Principal Components (kDMD),2,5,0.0,0.0,0.0,1.000744811572509,0.0,1.6601022838821155e-09,0.0,0.0
linear,omega=0.8,Principal Components (kDMD),3,1,0.0,7.019557138424264,0.0,0.11586643854284695,0.0,1.0001638510835522,0.017124802866495207,0.0
linear,omega=0.8,Principal Components (kDMD),3,2,0.0,7.019557138424264,0.0,0.11586643854284695,0.0,1.0001638510835522,-0.017124802866495207,0.0
linear,omega=0.8,Principal Components (kDMD),3,3,0.0,0.0,0.0,1.0007128998232484,0.0,-2.405080142287817e-08,0.0,0.0
linear,omega=0.8,Principal Components (kDMD),3,4,0.0,0.0,0.0,1.0004734352078464,0.0,8.400189086264098e-09,0.0,0.0
linear,omega=0.8,Principal Components (kDMD),3,5,0.0,0.0,0.0,1.0017882217426244,0.0,-9.473587724010359e-10,0.0,0.0
linear,omega=0.8,Principal Components (kDMD),4,1,0.0,10.526496154130218,0.0,0.13175566894169752,0.0,0.9998746687251763,0.006550035185724299,0.0
linear,omega=0.8,Principal Components (kDMD),4,2,0.0,10.526496154130218,0.0,0.13175566894169752,0.0,0.9998746687251763,-0.006550035185724299,0.0
linear,omega=0.8,Principal Components (kDMD),4,3,0.0,0.0,0.0,1.0000907747395495,0.0,-3.197660553638508e-09,4.215766104736958e-09,0.0
linear,omega=0.8,Principal Components (kDMD),4,4,0.0,0.0,0.0,1.0000907747395495,0.0,-3.197660553638508e-09,-4.215766104736958e-09,0.0
linear,omega=0.8,Principal Components (kDMD),4,5,0.0,0.0,0.0,1.0000595681443847,0.0,-1.7996705167325215e-09,0.0,0.0
linear,omega=0.8,Principal Components (kDMD),5,1,0.0,12.999117810602995,0.0,0.1506201377039845,0.0,0.9998180566511505,0.004023907037634629,0.0
linear,omega=0.8,Principal Components (kDMD),5,2,0.0,12.999117810602995,0.0,0.1506201377039845,0.0,0.9998180566511505,-0.004023907037634629,0.0
linear,omega=0.8,Principal Components (kDMD),5,3,0.0,0.0,0.0,1.0028769072700752,0.0,-1.0538933803765784e-08,0.0,0.0
linear,omega=0.8,Principal Components (kDMD),5,4,0.0,0.0,0.0,1.0000366489007875,0.0,-3.4226382542782583e-09,7.666691426228327e-09,0.0
linear,omega=0.8,Principal Components (kDMD),5,5,0.0,0.0,0.0,1.0000366489007875,0.0,-3.4226382542782583e-09,-7.666691426228327e-09,0.0
linear,omega=0.8,Principal Components (kDMD),6,1,0.0,12.901754066204306,0.0,0.1220498119975624,0.0,1.0001154966031345,0.004349474333232976,0.0
linear,omega=0.8,Principal Components (kDMD),6,2,0.0,12.901754066204306,0.0,0.1220498119975624,0.0,1.0001154966031345,-0.004349474333232976,0.0
linear,omega=0.8,Principal Components (kDMD),6,3,0.0,0.0,0.0,0.999991307205122,0.0,1.2565097688562547e-08,0.0,0.0
linear,omega=0.8,Principal Components (kDMD),6,4,0.0,0.0,0.0,1.0001338515352272,0.0,-1.9995248065787114e-09,4.873614670726936e-09,0.0
linear,omega=0.8,Principal Components (kDMD),6,5,0.0,0.0,0.0,1.0001338515352272,0.0,-1.9995248065787114e-09,-4.873614670726936e-09,0.0
linear,omega=0.8,Principal Components (kDMD),7,1,0.0,11.968605989359656,0.0,0.14623267376841345,0.0,0.9996766428432635,0.004921538617205534,0.0
linear,omega=0.8,Principal Components (kDMD),7,2,0.0,11.968605989359656,0.0,0.14623267376841345,0.0,0.9996766428432635,-0.004921538617205534,0.0
linear,omega=0.8,Principal Components (kDMD),7,3,0.0,0.0,0.0,1.0007346355960074,0.0,5.815564806315035e-09,0.0,0.0
linear,omega=0.8,Principal Components (kDMD),7,4,0.0,0.0,0.0,1.0002754661803437,0.0,-3.6198671403173176e-09,0.0,0.0
linear,omega=0.8,Principal Components (kDMD),7,5,0.0,0.0,0.0,1.0000811451204006,0.0,1.8417468120690544e-09,0.0,0.0
linear,omega=0.8,Principal Components (kDMD),8,1,0.0,10.244267458102337,0.0,0.12773153535122228,0.0,0.9999641195442407,0.007416783918726825,0.0
linear,omega=0.8,Principal Components (kDMD),8,2,0.0,10.244267458102337,0.0,0.12773153535122228,0.0,0.9999641195442407,-0.007416783918726825,0.0
linear,omega=0.8,Principal Components (kDMD),8,3,,,0.0,,0.0,1.9498637568001245e-09,1.6444928929235134e-09,0.0
linear,omega=0.8,Principal Components (kDMD),8,4,,,0.0,,0.0,1.9498637568001245e-09,-1.6444928929235134e-09,0.0
linear,omega=0.8,Principal Components (kDMD),8,5,0.0,0.0,0.0,1.0004890556473651,0.0,-1.3656349891224909e-09,0.0,0.0
linear,omega=0.8,Principal Components (kDMD),9,1,0.0,10.769427378586522,0.0,0.13535684025364145,0.0,0.9999525419993873,0.006208023968379001,0.0
linear,omega=0.8,Principal Components (kDMD),9,2,0.0,10.769427378586522,0.0,0.13535684025364145,0.0,0.9999525419993873,-0.006208023968379001,0.0
linear,omega=0.8,Principal Components (kDMD),9,3,0.0,0.0,0.0,1.0029471085837676,0.0,1.978010551490216e-09,7.676926302655924e-09,0.0
linear,omega=0.8,Principal Components (kDMD),9,4,0.0,0.0,0.0,1.0029471085837676,0.0,1.978010551490216e-09,-7.676926302655924e-09,0.0
linear,omega=0.8,Principal Components (kDMD),9,5,0.0,0.0,0.0,1.0012846429046942,0.0,-2.316040163580442e-09,0.0,0.0
linear,omega=0.8,Reduced Rank,0,1,4.3464530694682917e-16,0.4449201195796909,9.769063879543856e-16,0.13129002839501783,0.0,1.0000376730348743,0.008304409001457642,0.0
linear,omega=0.8,Reduced Rank,0,2,4.3464530694682917e-16,0.4449201195796909,9.769063879543856e-16,0.13129002839501783,0.0,1.0000376730348743,-0.008304409001457642,0.0
linear,omega=0.8,Reduced Rank,0,3,0.0,0.0,9.769063879543856e-16,0.9999911912856361,0.0,-4.884509612448338e-07,0.0,0.0
linear,omega=0.8,Reduced Rank,0,4,,,9.769063879543856e-16,,0.0,1.5490089721922742e-07,0.0,0.0
linear,omega=0.8,Reduced Rank,1,1,,,1.6537657289596337e-15,,0.0,1.0000548509475746,0.013004260054658304,0.0
linear,omega=0.8,Reduced Rank,1,2,,,1.6537657289596337e-15,,0.0,1.0000548509475746,-0.013004260054658304,0.0
linear,omega=0.8,Reduced Rank,1,3,0.0,0.0,1.6537657289596337e-15,1.0005222942584382,0.0,4.723088646354244e-07,0.0,0.0
linear,omega=0.8,Reduced Rank,1,4,,,1.6537657289596337e-15,,0.0,-7.797894823847934e-08,0.0,0.0
linear,omega=0.8,Reduced Rank,1,5,,,1.6537657289596337e-15,,0.0,-6.9264410901362065e-37,0.0,0.0
linear,omega=0.8,Reduced Rank,2,1,7.924733015325226e-16,0.5427100659720201,1.460214857288789e-15,0.12359614500887646,0.0,1.0003205886041173,0.0051388579798313004,0.0
linear,omega=0.8,Reduced Rank,2,2,7.924733015325226e-16,0.5427100659720201,1.460214857288789e-15,0.12359614500887646,0.0,1.0003205886041173,-0.0051388579798313004,0.0
linear,omega=0.8,Reduced Rank,2,3,0.0,0.0,1.460214857288789e-15,1.0004425726998143,0.0,-2.2246568935112222e-07,0.0,0.0
linear,omega=0.8,Reduced Rank,2,4,,,1.460214857288789e-15,,0.0,4.871624669068431e-08,0.0,0.0
linear,omega=0.8,Reduced Rank,2,5,,,1.460214857288789e-15,,0.0,-2.1202034369024478e-21,0.0,0.0
linear,omega=0.8,Reduced Rank,3,1,1.1137659223414913e-15,0.5507074889895879,2.0224274131172187e-15,0.11586706920408917,0.0,1.0001701182214533,0.01712499203172379,0.0
linear,omega=0.8,Reduced Rank,3,2,1.1137659223414913e-15,0.5507074889895879,2.0224274131172187e-15,0.11586706920408917,0.0,1.0001701182214533,-0.01712499203172379,0.0
linear,omega=0.8,Reduced Rank,3,3,0.0,0.0,2.0224274131172187e-15,1.000041240640559,0.0,1.7367880659048317e-08,0.0,0.0
linear,omega=0.8,Reduced Rank,3,4,7.443782634239966e-14,36.806179475023406,2.0224274131172187e-15,1.0020707986712412,0.0,-6.580978797189151e-29,0.0,0.0
linear,omega=0.8,Reduced Rank,4,1,,,1.229977160450428e-15,,0.0,1.0000398890987632,0.006554080669074781,0.0
linear,omega=0.8,Reduced Rank,4,2,,,1.229977160450428e-15,,0.0,1.0000398890987632,-0.006554080669074781,0.0
linear,omega=0.8,Reduced Rank,4,3,0.0,0.0,1.229977160450428e-15,1.000053635286343,0.0,-4.399706411876492e-09,6.628904390064417e-08,0.0
linear,omega=0.8,Reduced Rank,4,4,0.0,0.0,1.229977160450428e-15,1.000053635286343,0.0,-4.399706411876492e-09,-6.628904390064417e-08,0.0
linear,omega=0.8,Reduced Rank,4,5,,,1.229977160450428e-15,,0.0,-3.480369511449752e-37,0.0,0.0
linear,omega=0.8,Reduced Rank,5,1,1.4902802930299252e-15,0.9071339524305405,1.6428447960049609e-15,0.15043692432013667,0.0,0.9998870679632121,0.004017413868471713,0.0
linear,omega=0.8,Reduced Rank,5,2,1.4902802930299252e-15,0.9071339524305405,1.6428447960049609e-15,0.15043692432013667,0.0,0.9998870679632121,-0.004017413868471713,0.0
linear,omega=0.8,Reduced Rank,5,3,,,1.6428447960049609e-15,,0.0,-1.8346515993580425e-07,8.69570414508175e-08,0.0
linear,omega=0.8,Reduced Rank,5,4,,,1.6428447960049609e-15,,0.0,-1.8346515993580425e-07,-8.69570414508175e-08,0.0
linear,omega=0.8,Reduced Rank,5,5,,,1.6428447960049609e-15,,0.0,9.255359888972959e-22,0.0,0.0
linear,omega=0.8,Reduced Rank,6,1,,,1.3546118281698392e-15,,0.0,1.0002317805118648,0.0043376497592877246,0.0
linear,omega=0.8,Reduced Rank,6,2,,,1.3546118281698392e-15,,0.0,1.0002317805118648,-0.0043376497592877246,0.0
linear,omega=0.8,Reduced Rank,6,3,,,1.3546118281698392e-15,,0.0,2.725283659482033e-07,0.0,0.0
linear,omega=0.8,Reduced Rank,6,4,,,1.3546118281698392e-15,,0.0,-2.0014835778767098e-27,0.0,0.0
linear,omega=0.8,Reduced Rank,7,1,,,9.77912907077396e-16,,0.0,1.0000036380167903,0.004872782976263029,0.0
linear,omega=0.8,Reduced Rank,7,2,,,9.77912907077396e-16,,0.0,1.0000036380167903,-0.004872782976263029,0.0
linear,omega=0.8,Reduced Rank,7,3,,,9.77912907077396e-16,,0.0,-2.2507975704871928e-08,0.0,0.0
linear,omega=0.8,Reduced Rank,8,1,1.6280509190513526e-14,10.241253376116777,1.5896988964730293e-15,0.1277315333764849,0.0,0.9999641204971541,0.00741678501644015,0.0
linear,omega=0.8,Reduced Rank,8,2,1.6280509190513526e-14,10.241253376116777,1.5896988964730293e-15,0.1277315333764849,0.0,0.9999641204971541,-0.00741678501644015,0.0
linear,omega=0.8,Reduced Rank,9,1,,,1.2571817946311254e-15,,0.0,1.001540334012316,0.006104206384754555,0.0
linear,omega=0.8,Reduced Rank,9,2,,,1.2571817946311254e-15,,0.0,1.001540334012316,-0.006104206384754555,0.0
linear,omega=0.8,Reduced Rank,9,3,,,1.2571817946311254e-15,,0.0,-2.0350359837396554e-07,0.0,0.0
linear,omega=0.8,Reduced Rank,9,4,,,1.2571817946311254e-15,,0.0,1.4273681382618585e-07,0.0,0.0
linear,omega=0.8,Reduced Rank,9,5,,,1.2571817946311254e-15,,0.0,-8.143933386531951e-39,0.0,0.0
linear,omega=1.0,Principal Components (kDMD),0,1,0.0,8.585014662049128,0.0,0.12000099468498986,0.0,0.9998489914807973,0.011451196759586718,0.0
linear,omega=1.0,Principal Components (kDMD),0,2,0.0,8.585014662049128,0.0,0.12000099468498986,0.0,0.9998489914807973,-0.011451196759586718,0.0
linear,omega=1.0,Principal Components (kDMD),0,3,0.0,0.0,0.0,1.0004023763205034,0.0,-4.42939637610402e-10,5.572605668933451e-09,0.0
linear,omega=1.0,Principal Components (kDMD),0,4,0.0,0.0,0.0,1.0004023763205034,0.0,-4.42939637610402e-10,-5.572605668933451e-09,0.0
linear,omega=1.0,Principal Components (kDMD),0,5,0.0,0.0,0.0,1.003673738931762,0.0,3.75653583683454e-09,0.0,0.0
linear,omega=1.0,Principal Components (kDMD),1,1,0.0,8.8245395343925,0.0,0.11887399581906259,0.0,0.9999194597647769,0.010524903668987218,0.0
linear,omega=1.0,Principal Components (kDMD),1,2,0.0,8.8245395343925,0.0,0.11887399581906259,0.0,0.9999194597647769,-0.010524903668987218,0.0
linear,omega=1.0,Principal Components (kDMD),1,3,0.0,0.0,0.0,1.0021090710080884,0.0,2.8316089393235376e-09,3.830716600462369e-09,0.0
linear,omega=1.0,Principal Components (kDMD),1,4,0.0,0.0,0.0,1.0021090710080884,0.0,2.8316089393235376e-09,-3.830716600462369e-09,0.0
linear,omega=1.0,Principal Components (kDMD),1,5,0.0,0.0,0.0,1.000017005293794,0.0,-3.3579087316825718e-09,0.0,0.0
linear,omega=1.0,Principal Components (kDMD),2,1,0.0,9.112393417670111,0.0,0.13713572323064344,0.0,1.0001957307047133,0.009853600365029486,0.0
linear,omega=1.0,Principal Components (kDMD),2,2,0.0,9.112393417670111,0.0,0.13713572323064344,0.0,1.0001957307047133,-0.009853600365029486,0.0
linear,omega=1.0,Principal Components (kDMD),2,3,0.0,0.0,0.0,1.0003700660633685,0.0,6.156462246326994e-09,0.0,0.0
linear,omega=1.0,Principal Components (kDMD),2,4,0.0,0.0,0.0,1.0001588466947482,0.0,-5.987387010646288e-09,0.0,0.0
linear,omega=1.0,Principal Components (kDMD),2,5,0.0,0.0,0.0,1.000214170087446,0.0,-2.0169066301368648e-09,0.0,0.0
linear,omega=1.0,Principal Components (kDMD),3,1,0.0,8.564458297956282,0.0,0.12272387327668008,0.0,0.9999947215207503,0.011419722261480926,0.0
linear,omega=1.0,Principal Components (kDMD),3,2,0.0,8.564458297956282,0.0,0.12272387327668008,0.0,0.9999947215207503,-0.011419722261480926,0.0
linear,omega=1.0,Principal Components (kDMD),3,3,0.0,0.0,0.0,1.0000411756435985,0.0,3.458506746636206e-10,2.7889730536371933e-09,0.0
linear,omega=1.0,Principal Components (kDMD),3,4,0.0,0.0,0.0,1.0000411756435985,0.0,3.458506746636206e-10,-2.7889730536371933e-09,0.0
linear,omega=1.0,Principal Components (kDMD),3,5,0.0,0.0,0.0,1.0002451016648124,0.0,-1.21848166936995e-09,0.0,0.0
linear,omega=1.0,Principal Components (kDMD),4,1,0.0,8.654908654409233,0.0,0.12483823570714776,0.0,1.000110654893621,0.011858076751893796,0.0
linear,omega=1.0,Principal Components (kDMD),4,2,0.0,8.654908654409233,0.0,0.12483823570714776,0.0,1.000110654893621,-0.011858076751893796,0.0
linear,omega=1.0,Principal Components (kDMD),4,3,0.0,0.0,0.0,1.0010796330154197,0.0,-1.0976457656314954e-08,0.0,0.0
linear,omega=1.0,Principal Components (kDMD),4,4,0.0,0.0,0.0,1.0005777880601738,0.0,-3.540516602899377e-10,5.68850720098076e-09,0.0
linear,omega=1.0,Principal Components (kDMD),4,5,0.0,0.0,0.0,1.0005777880601738,0.0,-3.540516602899377e-10,-5.68850720098076e-09,0.0
linear,omega=1.0,Principal Components (kDMD),5,1,0.0,8.532945787201033,0.0,0.1166853193696444,0.0,1.0001802628963412,0.011795755002377424,0.0
linear,omega=1.0,Principal Components (kDMD),5,2,0.0,8.532945787201033,0.0,0.1166853193696444,0.0,1.0001802628963412,-0.011795755002377424,0.0
linear,omega=1.0,Principal Components (kDMD),5,3,0.0,0.0,0.0,1.0018660011091054,0.0,6.239405926364404e-09,2.3591831925875625e-09,0.0
linear,omega=1.0,Principal Components (kDMD),5,4,0.0,0.0,0.0,1.0018660011091054,0.0,6.239405926364404e-09,-2.3591831925875625e-09,0.0
linear,omega=1.0,Principal Components (kDMD),5,5,0.0,0.0,0.0,1.0006377836208677,0.0,-4.308068448105812e-09,0.0,0.0
linear,omega=1.0,Principal Components (kDMD),6,1,0.0,9.062516822095617,0.0,0.10650652791299103,0.0,0.9998193702850896,0.010737778294513597,0.0
linear,omega=1.0,Principal Components (kDMD),6,2,0.0,9.062516822095617,0.0,0.10650652791299103,0.0,0.9998193702850896,-0.010737778294513597,0.0
linear,omega=1.0,Principal Components (kDMD),6,3,0.0,0.0,0.0,1.001562794639421,0.0,2.9986861117378882e-09,2.7347695491984458e-09,0.0
linear,omega=1.0,Principal Components (kDMD),6,4,0.0,0.0,0.0,1.001562794639421,0.0,2.9986861117378882e-09,-2.7347695491984458e-09,0.0
linear,omega=1.0,Principal Components (kDMD),6,5,0.0,0.0,0.0,1.0005244093040335,0.0,-1.5739694249608273e-10,0.0,0.0
linear,omega=1.0,Principal Components (kDMD),7,1,0.0,8.958617404965528,0.0,0.12436300358177119,0.0,1.000272686446765,0.010376716759094393,0.0
linear,omega=1.0,Principal Components (kDMD),7,2,0.0,8.958617404965528,0.0,0.12436300358177119,0.0,1.000272686446765,-0.010376716759094393,0.0
linear,omega=1.0,Principal Components (kDMD),7,3,0.0,0.0,0.0,0.9996962298659299,0.0,5.124510095519434e-09,0.0,0.0
linear,omega=1.0,Principal Components (kDMD),7,4,0.0,0.0,0.0,1.0003732574316435,0.0,1.7174025735094105e-09,1.7152725583730807e-09,0.0
linear,omega=1.0,Principal Components (kDMD),7,5,0.0,0.0,0.0,1.0003732574316435,0.0,1.7174025735094105e-09,-1.7152725583730807e-09,0.0
linear,omega=1.0,Principal Components (kDMD),8,1,0.0,9.041851549202855,0.0,0.12025107559439745,0.0,0.9998638887936191,0.009842782395322812,0.0
linear,omega=1.0,Principal Components (kDMD),8,2,0.0,9.041851549202855,0.0,0.12025107559439745,0.0,0.9998638887936191,-0.009842782395322812,0.0
linear,omega=1.0,Principal Components (kDMD),8,3,0.0,0.0,0.0,1.0024435278896686,0.0,-1.1536207491932428e-08,0.0,0.0
linear,omega=1.0,Principal Components (kDMD),8,4,0.0,0.0,0.0,1.0001841959207471,0.0,4.0487735007863354e-09,0.0,0.0
linear,omega=1.0,Principal Components (kDMD),8,5,0.0,0.0,0.0,1.0004048509345276,0.0,-2.905671279580827e-09,0.0,0.0
linear,omega=1.0,Principal Components (kDMD),9,1,0.0,8.81794898227637,0.0,0.12193838071292663,0.0,0.9999566309643453,0.011411314537621219,0.0
linear,omega=1.0,Principal Components (kDMD),9,2,0.0,8.81794898227637,0.0,0.12193838071292663,0.0,0.9999566309643453,-0.011411314537621219,0.0
linear,omega=1.0,Principal Components (kDMD),9,3,0.0,0.0,0.0,1.0000204346650912,0.0,-3.0021043917381212e-09,7.316826509472519e-09,0.0
linear,omega=1.0,Principal Components (kDMD),9,4,0.0,0.0,0.0,1.0000204346650912,0.0,-3.0021043917381212e-09,-7.316826509472519e-09,0.0
linear,omega=1.0,Principal Components (kDMD),9,5,0.0,0.0,0.0,1.0001699510883044,0.0,1.2649989416539285e-09,0.0,0.0
linear,omega=1.0,Reduced Rank,0,1,,,1.0278391657002575e-15,,0.0,0.9999171610898312,0.011451417764303713,0.0
linear,omega=1.0,Reduced Rank,0,2,,,1.0278391657002575e-15,,0.0,0.9999171610898312,-0.011451417764303713,0.0
linear,omega=1.0,Reduced Rank,0,3,,,1.0278391657002575e-15,,0.0,8.230903191102981e-09,0.0,0.0
linear,omega=1.0,Reduced Rank,0,4,,,1.0278391657002575e-15,,0.0,-5.142756623911568e-26,0.0,0.0
linear,omega=1.0,Reduced Rank,1,1,,,1.529111048837386e-15,,0.0,1.000116082332889,0.010521223489534758,0.0
linear,omega=1.0,Reduced Rank,1,2,,,1.529111048837386e-15,,0.0,1.000116082332889,-0.010521223489534758,0.0
linear,omega=1.0,Reduced Rank,1,3,,,1.529111048837386e-15,,0.0,-1.9496015012654185e-09,2.0047276880793706e-07,0.0
linear,omega=1.0,Reduced Rank,1,4,,,1.529111048837386e-15,,0.0,-1.9496015012654185e-09,-2.0047276880793706e-07,0.0
linear,omega=1.0,Reduced Rank,1,5,,,1.529111048837386e-15,,0.0,-2.1864400481961983e-21,0.0,0.0
linear,omega=1.0,Reduced Rank,2,1,,,1.012316319583904e-15,,0.0,1.0003667346285634,0.00985564415807527,0.0
linear,omega=1.0,Reduced Rank,2,2,,,1.012316319583904e-15,,0.0,1.0003667346285634,-0.00985564415807527,0.0
linear,omega=1.0,Reduced Rank,2,3,,,1.012316319583904e-15,,0.0,4.02661481357048e-08,0.0,0.0
linear,omega=1.0,Reduced Rank,2,4,,,1.012316319583904e-15,,0.0,-1.7618436737674766e-08,0.0,0.0
linear,omega=1.0,Reduced Rank,2,5,,,1.012316319583904e-15,,0.0,1.312447806413551e-22,0.0,0.0
linear,omega=1.0,Reduced Rank,3,1,4.263100001305338e-16,0.2869012417839951,1.4859120074896645e-15,0.12267002087995084,0.0,1.0000568790319244,0.011421045283313482,0.0
linear,omega=1.0,Reduced Rank,3,2,4.263100001305338e-16,0.2869012417839951,1.4859120074896645e-15,0.12267002087995084,0.0,1.0000568790319244,-0.011421045283313482,0.0
linear,omega=1.0,Reduced Rank,3,3,0.0,0.0,1.4859120074896645e-15,1.0007458253731416,0.0,-2.8952503222557817e-07,0.0,0.0
linear,omega=1.0,Reduced Rank,3,4,3.4389286510898604e-14,23.14355516178693,1.4859120074896645e-15,0.999979898302182,0.0,-1.5474544521414214e-27,0.0,0.0
linear,omega=1.0,Reduced Rank,4,1,8.772756163857253e-16,0.5258433180409708,1.6683213160414692e-15,0.124850488159924,0.0,1.0001526706858486,0.011856872332587986,0.0
linear,omega=1.0,Reduced Rank,4,2,8.772756163857253e-16,0.5258433180409708,1.6683213160414692e-15,0.124850488159924,0.0,1.0001526706858486,-0.011856872332587986,0.0
linear,omega=1.0,Reduced Rank,4,3,0.0,0.0,1.6683213160414692e-15,1.0017027211847347,0.0,1.516110415523335e-08,0.0,0.0
linear,omega=1.0,Reduced Rank,4,4,1.4135770532545559e-14,8.473050363035815,1.6683213160414692e-15,1.0017236632269664,0.0,-4.1949348674118806e-27,0.0,0.0
linear,omega=1.0,Reduced Rank,5,1,3.2218794568745583e-16,0.20349437964850178,1.5832768759706033e-15,0.11685356588346436,0.0,1.0002650954204289,0.011798011060070631,0.0
linear,omega=1.0,Reduced Rank,5,2,3.2218794568745583e-16,0.20349437964850178,1.5832768759706033e-15,0.11685356588346436,0.0,1.0002650954204289,-0.011798011060070631,0.0
linear,omega=1.0,Reduced Rank,5,3,0.0,0.0,1.5832768759706033e-15,1.0010517200230666,0.0,6.4716456548710385e-06,0.0,0.0
linear,omega=1.0,Reduced Rank,5,4,0.0,0.0,1.5832768759706033e-15,1.0005459776567298,0.0,-5.421651100585535e-07,0.0,0.0
linear,omega=1.0,Reduced Rank,5,5,,,1.5832768759706033e-15,,0.0,-6.79134531153155e-22,0.0,0.0
linear,omega=1.0,Reduced Rank,6,1,,,1.3643356135817748e-15,,0.0,0.9998350982692086,0.010737860375369368,0.0
linear,omega=1.0,Reduced Rank,6,2,,,1.3643356135817748e-15,,0.0,0.9998350982692086,-0.010737860375369368,0.0
linear,omega=1.0,Reduced Rank,6,3,,,1.3643356135817748e-15,,0.0,-2.9083632898888073e-07,0.0,0.0
linear,omega=1.0,Reduced Rank,6,4,,,1.3643356135817748e-15,,0.0,1.9270126620506227e-29,0.0,0.0
linear,omega=1.0,Reduced Rank,7,1,,,1.080311389901363e-15,,0.0,1.00080602107177,0.010372260836506289,0.0
linear,omega=1.0,Reduced Rank,7,2,,,1.080311389901363e-15,,0.0,1.00080602107177,-0.010372260836506289,0.0
linear,omega=1.0,Reduced Rank,7,3,,,1.080311389901363e-15,,0.0,-2.49532899704317e-07,0.0,0.0
linear,omega=1.0,Reduced Rank,7,4,,,1.080311389901363e-15,,0.0,7.94096543274125e-09,0.0,0.0
linear,omega=1.0,Reduced Rank,7,5,,,1.080311389901363e-15,,0.0,6.396864609116995e-22,0.0,0.0
linear,omega=1.0,Reduced Rank,8,1,1.0519236113990875e-15,0.7310290405042978,1.4389628224255245e-15,0.1201989722364751,0.0,0.9998834468844328,0.009842951040823498,0.0
linear,omega=1.0,Reduced Rank,8,2,1.0519236113990875e-15,0.7310290405042978,1.4389628224255245e-15,0.1201989722364751,0.0,0.9998834468844328,-0.009842951040823498,0.0
linear,omega=1.0,Reduced Rank,8,3,0.0,0.0,1.4389628224255245e-15,1.000130427817899,0.0,-1.0620479448323421e-07,0.0,0.0
linear,omega=1.0,Reduced Rank,8,4,0.0,0.0,1.4389628224255245e-15,1.000230584728004,0.0,1.1549049003428801e-08,0.0,0.0
linear,omega=1.0,Reduced Rank,9,1,2.0447970201908002e-16,0.15749011929132045,1.298365274845209e-15,0.12125171349237059,0.0,1.0002168073589357,0.01141462038438928,0.0
linear,omega=1.0,Reduced Rank,9,2,2.0447970201908002e-16,0.15749011929132045,1.298365274845209e-15,0.12125171349237059,0.0,1.0002168073589357,-0.01141462038438928,0.0
linear,omega=1.0,Reduced Rank,9,3,0.0,0.0,1.298365274845209e-15,1.0000495716091844,0.0,-2.808341723226294e-07,0.0,0.0
linear,omega=1.0,Reduced Rank,9,4,0.0,0.0,1.298365274845209e-15,0.99990374624116,0.0,-2.4888468741919623e-07,0.0,0.0
linear,omega=1.0,Reduced Rank,9,5,,,1.298365274845209e-15,,0.0,-6.844575405801874e-38,0.0,0.0
linear,omega=1.2,Principal Components (kDMD),0,1,0.0,9.387488058801999,0.0,0.13400831272911903,0.0,1.0004392797727977,0.009094923230245355,0.0
linear,omega=1.2,Principal Components (kDMD),0,2,0.0,9.387488058801999,0.0,0.13400831272911903,0.0,1.0004392797727977,-0.009094923230245355,0.0
linear,omega=1.2,Principal Components (kDMD),0,3,0.0,0.0,0.0,1.0002231019323287,0.0,1.2826222124023815e-08,0.0,0.0
linear,omega=1.2,Principal Components (kDMD),0,4,0.0,0.0,0.0,1.0004751914531842,0.0,-4.0072488942166855e-09,0.0,0.0
linear,omega=1.2,Principal Components (kDMD),0,5,0.0,0.0,0.0,1.000060038460237,0.0,3.116632844035872e-09,0.0,0.0
linear,omega=1.2,Principal Components (kDMD),1,1,0.0,9.13677939777156,0.0,0.13676070309066815,0.0,0.9999758138190885,0.009839894686213792,0.0
linear,omega=1.2,Principal Components (kDMD),1,2,0.0,9.13677939777156,0.0,0.13676070309066815,0.0,0.9999758138190885,-0.009839894686213792,0.0
linear,omega=1.2,Principal Components (kDMD),1,3,0.0,0.0,0.0,1.000238285064638,0.0,-1.407991195977701e-08,0.0,0.0
linear,omega=1.2,Principal Components (kDMD),1,4,0.0,0.0,0.0,0.9999413899606984,0.0,6.6832719285298e-09,0.0,0.0
linear,omega=1.2,Principal Components (kDMD),1,5,0.0,0.0,0.0,1.0093727019338585,0.0,1.3957343192247015e-09,0.0,0.0
linear,omega=1.2,Principal Components (kDMD),2,1,0.0,9.13939997458823,0.0,0.13785880809145462,0.0,0.9999423316437115,0.009929202137410265,0.0
linear,omega=1.2,Principal Components (kDMD),2,2,0.0,9.13939997458823,0.0,0.13785880809145462,0.0,0.9999423316437115,-0.009929202137410265,0.0
linear,omega=1.2,Principal Components (kDMD),2,3,0.0,0.0,0.0,1.0008906765544583,0.0,-8.825278579161301e-09,0.0,0.0
linear,omega=1.2,Principal Components (kDMD),2,4,,,0.0,,0.0,-6.596306300141952e-10,3.016104056840418e-09,0.0
linear,omega=1.2,Principal Components (kDMD),2,5,,,0.0,,0.0,-6.596306300141952e-10,-3.016104056840418e-09,0.0
linear,omega=1.2,Principal Components (kDMD),3,1,0.0,8.599450780232186,0.0,0.11662368049820951,0.0,1.0001977788390048,0.012205978967300912,0.0
linear,omega=1.2,Principal Components (kDMD),3,2,0.0,8.599450780232186,0.0,0.11662368049820951,0.0,1.0001977788390048,-0.012205978967300912,0.0
linear,omega=1.2,Principal Components (kDMD),3,3,0.0,0.0,0.0,1.0001342603124626,0.0,6.934909025737935e-09,8.189176298868824e-09,0.0
linear,omega=1.2,Principal Components (kDMD),3,4,0.0,0.0,0.0,1.0001342603124626,0.0,6.934909025737935e-09,-8.189176298868824e-09,0.0
linear,omega=1.2,Principal Components (kDMD),3,5,0.0,0.0,0.0,0.9999942531514406,0.0,-7.102338867587485e-09,0.0,0.0
linear,omega=1.2,Principal Components (kDMD),4,1,0.0,9.8536382398664,0.0,0.13420577474120893,0.0,0.9997942112815625,0.008706082758048751,0.0
linear,omega=1.2,Principal Components (kDMD),4,2,0.0,9.8536382398664,0.0,0.13420577474120893,0.0,0.9997942112815625,-0.008706082758048751,0.0
linear,omega=1.2,Principal Components (kDMD),4,3,0.0,0.0,0.0,1.0000011628459953,0.0,1.1732520023160482e-08,0.0,0.0
linear,omega=1.2,Principal Components (kDMD),4,4,0.0,0.0,0.0,0.9999748274232064,0.0,2.170088616430527e-09,0.0,0.0
linear,omega=1.2,Principal Components (kDMD),4,5,0.0,0.0,0.0,1.0000121851471007,0.0,-7.032413285692179e-10,0.0,0.0
linear,omega=1.2,Principal Components (kDMD),5,1,0.0,9.432714538132261,0.0,0.13122138311910134,0.0,0.9999624175906294,0.008515543073304772,0.0
linear,omega=1.2,Principal Components (kDMD),5,2,0.0,9.432714538132261,0.0,0.13122138311910134,0.0,0.9999624175906294,-0.008515543073304772,0.0
linear,omega=1.2,Principal Components (kDMD),5,3,0.0,0.0,0.0,1.000597709585278,0.0,-9.42430689317722e-09,0.0,0.0
linear,omega=1.2,Principal Components (kDMD),5,4,0.0,0.0,0.0,1.000303602094365,0.0,-2.923865474405203e-10,1.8073542312248847e-09,0.0
linear,omega=1.2,Principal Components (kDMD),5,5,0.0,0.0,0.0,1.000303602094365,0.0,-2.923865474405203e-10,-1.8073542312248847e-09,0.0
linear,omega=1.2,Principal Components (kDMD),6,1,0.0,8.870978984609469,0.0,0.11280116158382103,0.0,0.9999195207577234,0.010784573949532373,0.0
linear,omega=1.2,Principal Components (kDMD),6,2,0.0,8.870978984609469,0.0,0.11280116158382103,0.0,0.9999195207577234,-0.010784573949532373,0.0
linear,omega=1.2,Principal Components (kDMD),6,3,0.0,0.0,0.0,1.0000507322610968,0.0,1.1495757361785953e-08,0.0,0.0
linear,omega=1.2,Principal Components (kDMD),6,4,0.0,0.0,0.0,1.0000040043897815,0.0,-7.362799358726086e-09,0.0,0.0
linear,omega=1.2,Principal Components (kDMD),6,5,,,0.0,,0.0,3.2964083719323557e-09,0.0,0.0
linear,omega=1.2,Principal Components (kDMD),7,1,0.0,9.424697033620836,0.0,0.1223540483973487,0.0,0.9997720010210001,0.009242638448876017,0.0
linear,omega=1.2,Principal Components (kDMD),7,2,0.0,9.424697033620836,0.0,0.1223540483973487,0.0,0.9997720010210001,-0.009242638448876017,0.0
linear,omega=1.2,Principal Components (kDMD),7,3,0.0,0.0,0.0,1.0004637589005936,0.0,1.0382325148313922e-08,0.0,0.0
linear,omega=1.2,Principal Components (kDMD),7,4,0.0,0.0,0.0,0.9998841243706099,0.0,6.8315008976339956e-09,0.0,0.0
linear,omega=1.2,Principal Components (kDMD),7,5,0.0,0.0,0.0,0.9997092147172054,0.0,3.940747458164767e-09,0.0,0.0
linear,omega=1.2,Principal Components (kDMD),8,1,0.0,9.430354602578896,0.0,0.1384400803186672,0.0,1.0001066238055107,0.008463203280683519,0.0
linear,omega=1.2,Principal Components (kDMD),8,2,0.0,9.430354602578896,0.0,0.1384400803186672,0.0,1.0001066238055107,-0.008463203280683519,0.0
linear,omega=1.2,Principal Components (kDMD),8,3,0.0,0.0,0.0,1.0006455100998304,0.0,-9.941978881566949e-09,0.0,0.0
linear,omega=1.2,Principal Components (kDMD),8,4,0.0,0.0,0.0,0.9998586721970808,0.0,2.1470434302743024e-09,3.771197867779738e-09,0.0
linear,omega=1.2,Principal Components (kDMD),8,5,0.0,0.0,0.0,0.9998586721970808,0.0,2.1470434302743024e-09,-3.771197867779738e-09,0.0
linear,omega=1.2,Principal Components (kDMD),9,1,0.0,9.035074154323192,0.0,0.12807519441566043,0.0,1.000076128768176,0.009402399798589664,0.0
linear,omega=1.2,Principal Components (kDMD),9,2,0.0,9.035074154323192,0.0,0.12807519441566043,0.0,1.000076128768176,-0.009402399798589664,0.0
linear,omega=1.2,Principal Components (kDMD),9,3,0.0,0.0,0.0,1.0009193145066018,0.0,-1.1939002965528722e-08,0.0,0.0
linear,omega=1.2,Principal Components (kDMD),9,4,0.0,0.0,0.0,1.0006364917409143,0.0,-4.485123785133803e-09,0.0,0.0
linear,omega=1.2,Principal Components (kDMD),9,5,0.0,0.0,0.0,1.0000820705269513,0.0,-2.190659972646069e-09,0.0,0.0
linear,omega=1.2,Reduced Rank,0,1,,,9.92188011979669e-16,,0.0,1.0013038765885285,0.009039244681766511,0.0
linear,omega=1.2,Reduced Rank,0,2,,,9.92188011979669e-16,,0.0,1.0013038765885285,-0.009039244681766511,0.0
linear,omega=1.2,Reduced Rank,0,3,,,9.92188011979669e-16,,0.0,-4.3383816141872454e-08,0.0,0.0
linear,omega=1.2,Reduced Rank,0,4,0.0,0.0,9.92188011979669e-16,1.000214567336723,0.0,-7.176309244291206e-09,0.0,0.0
linear,omega=1.2,Reduced Rank,0,5,4.975736748870962e-15,5.014913190639236,9.92188011979669e-16,0.9999918744813823,0.0,2.7097253413149966e-22,0.0,0.0
linear,omega=1.2,Reduced Rank,1,1,1.546060177140897e-14,9.16470601717227,1.6869719271343603e-15,0.13676068433509994,0.0,0.9999758140481187,0.009839894394446604,0.0
linear,omega=1.2,Reduced Rank,1,2,1.546060177140897e-14,9.16470601717227,1.6869719271343603e-15,0.13676068433509994,0.0,0.9999758140481187,-0.009839894394446604,0.0
linear,omega=1.2,Reduced Rank,2,1,5.5312801899130115e-16,0.5073958810014851,1.0901310785171356e-15,0.13798640957711794,0.0,0.999985472872674,0.009930522523951674,0.0
linear,omega=1.2,Reduced Rank,2,2,5.5312801899130115e-16,0.5073958810014851,1.0901310785171356e-15,0.13798640957711794,0.0,0.999985472872674,-0.009930522523951674,0.0
linear,omega=1.2,Reduced Rank,2,3,0.0,0.0,1.0901310785171356e-15,0.9998326070771757,0.0,1.1265570768261101e-07,0.0,0.0
linear,omega=1.2,Reduced Rank,2,4,0.0,0.0,1.0901310785171356e-15,1.006511713414366,0.0,-3.080572480068256e-09,0.0,0.0
linear,omega=1.2,Reduced Rank,2,5,1.765347455007507e-14,16.193900805110914,1.0901310785171356e-15,1.0015698904202626,0.0,-2.472982542805725e-24,0.0,0.0
linear,omega=1.2,Reduced Rank,3,1,,,1.3525222671915577e-15,,0.0,1.0003386630353723,0.012208758480168624,0.0
linear,omega=1.2,Reduced Rank,3,2,,,1.3525222671915577e-15,,0.0,1.0003386630353723,-0.012208758480168624,0.0
linear,omega=1.2,Reduced Rank,3,3,,,1.3525222671915577e-15,,0.0,-3.0703434638974665e-07,0.0,0.0
linear,omega=1.2,Reduced Rank,3,4,0.0,0.0,1.3525222671915577e-15,1.0000016088164267,0.0,5.2821549341339455e-08,0.0,0.0
linear,omega=1.2,Reduced Rank,3,5,,,1.3525222671915577e-15,,0.0,-2.152507864945155e-22,0.0,0.0
linear,omega=1.2,Reduced Rank,4,1,,,1.4799601883982876e-15,,0.0,0.9998779611269978,0.008705701838740079,0.0
linear,omega=1.2,Reduced Rank,4,2,,,1.4799601883982876e-15,,0.0,0.9998779611269978,-0.008705701838740079,0.0
linear,omega=1.2,Reduced Rank,4,3,,,1.4799601883982876e-15,,0.0,7.772708256697186e-08,0.0,0.0
linear,omega=1.2,Reduced Rank,4,4,,,1.4799601883982876e-15,,0.0,1.0875776802103165e-26,0.0,0.0
linear,omega=1.2,Reduced Rank,5,1,,,1.5971069179694582e-15,,0.0,1.0001742994000513,0.00851122159549959,0.0
linear,omega=1.2,Reduced Rank,5,2,,,1.5971069179694582e-15,,0.0,1.0001742994000513,-0.00851122159549959,0.0
linear,omega=1.2,Reduced Rank,5,3,0.0,0.0,1.5971069179694582e-15,0.9999632347419571,0.0,2.0395838932127305e-07,0.0,0.0
linear,omega=1.2,Reduced Rank,5,4,,,1.5971069179694582e-15,,0.0,-8.80352791610633e-08,0.0,0.0
linear,omega=1.2,Reduced Rank,5,5,,,1.5971069179694582e-15,,0.0,-4.750128212070692e-39,0.0,0.0
linear,omega=1.2,Reduced Rank,6,1,4.529195761524689e-16,0.3010590594989196,1.5044210159505077e-15,0.11265992426878506,0.0,1.000013896376095,0.010783354125400968,0.0
linear,omega=1.2,Reduced Rank,6,2,4.529195761524689e-16,0.3010590594989196,1.5044210159505077e-15,0.11265992426878506,0.0,1.000013896376095,-0.010783354125400968,0.0
linear,omega=1.2,Reduced Rank,6,3,0.0,0.0,1.5044210159505077e-15,1.000153406478474,0.0,-3.1447269854346395e-08,0.0,0.0
linear,omega=1.2,Reduced Rank,7,1,,,1.1775162588128069e-15,,0.0,0.9999123294405451,0.009245691511618206,0.0
linear,omega=1.2,Reduced Rank,7,2,,,1.1775162588128069e-15,,0.0,0.9999123294405451,-0.009245691511618206,0.0
linear,omega=1.2,Reduced Rank,7,3,0.0,0.0,1.1775162588128069e-15,1.0000004492893009,0.0,3.2218026427152456e-07,0.0,0.0
linear,omega=1.2,Reduced Rank,7,4,,,1.1775162588128069e-15,,0.0,-8.062898693138762e-08,0.0,0.0
linear,omega=1.2,Reduced Rank,7,5,,,1.1775162588128069e-15,,0.0,3.6542753909634306e-39,0.0,0.0
linear,omega=1.2,Reduced Rank,8,1,5.414470154272573e-16,0.4109798027748913,1.317454073829092e-15,0.13849170058714452,0.0,1.0001992229028567,0.008465578711763216,0.0
linear,omega=1.2,Reduced Rank,8,2,5.414470154272573e-16,0.4109798027748913,1.317454073829092e-15,0.13849170058714452,0.0,1.0001992229028567,-0.008465578711763216,0.0
linear,omega=1.2,Reduced Rank,8,3,0.0,0.0,1.317454073829092e-15,1.0008330661724731,0.0,-2.730232250583201e-07,0.0,0.0
linear,omega=1.2,Reduced Rank,8,4,0.0,0.0,1.317454073829092e-15,0.9994927126282164,0.0,4.2238706475470316e-08,0.0,0.0
linear,omega=1.2,Reduced Rank,8,5,,,1.317454073829092e-15,,0.0,-1.2494099123036809e-21,0.0,0.0
linear,omega=1.2,Reduced Rank,9,1,,,1.0950464561431858e-15,,0.0,1.0001219675485062,0.009400322620995463,0.0
linear,omega=1.2,Reduced Rank,9,2,,,1.0950464561431858e-15,,0.0,1.0001219675485062,-0.009400322620995463,0.0
linear,omega=1.2,Reduced Rank,9,3,,,1.0950464561431858e-15,,0.0,6.813327787938357e-07,0.0,0.0
linear,omega=1.2,Reduced Rank,9,4,0.0,0.0,1.0950464561431858e-15,0.9999276200549831,0.0,1.8564386022633558e-07,0.0,0.0
linear,omega=1.2,Reduced Rank,9,5,,,1.0950464561431858e-15,,0.0,-9.090783397110741e-38,0.0,0.0
linear,omega=1.5,Principal Components (kDMD),0,1,0.0,9.26630605732121,0.0,0.13536932433108578,0.0,0.9998724762038912,0.00956202101626789,0.0
linear,omega=1.5,Principal Components (kDMD),0,2,0.0,9.26630605732121,0.0,0.13536932433108578,0.0,0.9998724762038912,-0.00956202101626789,0.0
linear,omega=1.5,Principal Components (kDMD),0,3,0.0,0.0,0.0,1.0004528165443358,0.0,-1.1145880441214983e-08,0.0,0.0
linear,omega=1.5,Principal Components (kDMD),0,4,0.0,0.0,0.0,1.000918209116964,0.0,5.956542275965447e-09,0.0,0.0
linear,omega=1.5,Principal Components (kDMD),0,5,0.0,0.0,0.0,1.0003121312265604,0.0,-2.671683850150402e-09,0.0,0.0
linear,omega=1.5,Principal Components (kDMD),1,1,0.0,9.300098177629955,0.0,0.13450480873003595,0.0,1.0001035886739753,0.008791269673464061,0.0
linear,omega=1.5,Principal Components (kDMD),1,2,0.0,9.300098177629955,0.0,0.13450480873003595,0.0,1.0001035886739753,-0.008791269673464061,0.0
linear,omega=1.5,Principal Components (kDMD),1,3,0.0,0.0,0.0,1.0004059635453297,0.0,-1.2555625147386424e-08,0.0,0.0
linear,omega=1.5,Principal Components (kDMD),1,4,0.0,0.0,0.0,1.0002972283239342,0.0,-5.131219970885431e-09,0.0,0.0
linear,omega=1.5,Principal Components (kDMD),1,5,0.0,0.0,0.0,1.0000576626879305,0.0,4.770770990599733e-09,0.0,0.0
linear,omega=1.5,Principal Components (kDMD),2,1,0.0,9.256124510787755,0.0,0.13516337367502806,0.0,0.9998797871835772,0.009823064489707383,0.0
linear,omega=1.5,Principal Components (kDMD),2,2,0.0,9.256124510787755,0.0,0.13516337367502806,0.0,0.9998797871835772,-0.009823064489707383,0.0
linear,omega=1.5,Principal Components (kDMD),2,3,0.0,0.0,0.0,1.0000854332472726,0.0,-6.9443630049262865e-09,0.0,0.0
linear,omega=1.5,Principal Components (kDMD),2,4,0.0,0.0,0.0,1.0008978913698376,0.0,5.029057437371806e-10,1.7012246810797036e-09,0.0
linear,omega=1.5,Principal Components (kDMD),2,5,0.0,0.0,0.0,1.0008978913698376,0.0,5.029057437371806e-10,-1.7012246810797036e-09,0.0
linear,omega=1.5,Principal Components (kDMD),3,1,0.0,9.186501510143303,0.0,0.13523581530018716,0.0,1.0000667531503626,0.009035442324645138,0.0
linear,omega=1.5,Principal Components (kDMD),3,2,0.0,9.186501510143303,0.0,0.13523581530018716,0.0,1.0000667531503626,-0.009035442324645138,0.0
linear,omega=1.5,Principal Components (kDMD),3,3,0.0,0.0,0.0,1.000672055709232,0.0,6.622411248863648e-09,1.558137394970632e-09,0.0
linear,omega=1.5,Principal Components (kDMD),3,4,0.0,0.0,0.0,1.000672055709232,0.0,6.622411248863648e-09,-1.558137394970632e-09,0.0
linear,omega=1.5,Principal Components (kDMD),3,5,0.0,0.0,0.0,1.0005535786148407,0.0,-3.760619215472562e-09,0.0,0.0
linear,omega=1.5,Principal Components (kDMD),4,1,0.0,9.978232189633397,0.0,0.13873044793871162,0.0,1.0000263272389218,0.007619767062801513,0.0
linear,omega=1.5,Principal Components (kDMD),4,2,0.0,9.978232189633397,0.0,0.13873044793871162,0.0,1.0000263272389218,-0.007619767062801513,0.0
linear,omega=1.5,Principal Components (kDMD),4,3,0.0,0.0,0.0,1.000000139731085,0.0,-1.2864502895587506e-08,0.0,0.0
linear,omega=1.5,Principal Components (kDMD),4,4,0.0,0.0,0.0,1.0004723319613698,0.0,1.2602488325590431e-08,0.0,0.0
linear,omega=1.5,Principal Components (kDMD),4,5,0.0,0.0,0.0,0.9999953481666453,0.0,3.708073579915129e-09,0.0,0.0
linear,omega=1.5,Principal Components (kDMD),5,1,0.0,9.003195277197877,0.0,0.1237962209111001,0.0,1.0001295508825372,0.009795726833947069,0.0
linear,omega=1.5,Principal Components (kDMD),5,2,0.0,9.003195277197877,0.0,0.1237962209111001,0.0,1.0001295508825372,-0.009795726833947069,0.0
linear,omega=1.5,Principal Components (kDMD),5,3,0.0,0.0,0.0,1.0002448306409202,0.0,-4.660172584124459e-09,0.0,0.0
linear,omega=1.5,Principal Components (kDMD),5,4,0.0,0.0,0.0,1.0015948415475704,0.0,3.273578606330543e-09,0.0,0.0
linear,omega=1.5,Principal Components (kDMD),5,5,0.0,0.0,0.0,1.0009297048292924,0.0,-3.110089903818482e-09,0.0,0.0
linear,omega=1.5,Principal Components (kDMD),6,1,0.0,9.440022582867204,0.0,0.11547974798591981,0.0,0.9998113409739247,0.008487297293278491,0.0
linear,omega=1.5,Principal Components (kDMD),6,2,0.0,9.440022582867204,0.0,0.11547974798591981,0.0,0.9998113409739247,-0.008487297293278491,0.0
linear,omega=1.5,Principal Components (kDMD),6,3,0.0,0.0,0.0,0.9994804805265911,0.0,1.4575126882416252e-09,0.0,0.0
linear,omega=1.5,Principal Components (kDMD),6,4,0.0,0.0,0.0,1.0012810240726366,0.0,-9.462958685598425e-10,9.21070734038181e-10,0.0
linear,omega=1.5,Principal Components (kDMD),6,5,0.0,0.0,0.0,1.0012810240726366,0.0,-9.462958685598425e-10,-9.21070734038181e-10,0.0
linear,omega=1.5,Principal Components (kDMD),7,1,0.0,9.258762914840982,0.0,0.12132825502973624,0.0,1.0000274889427512,0.009738470162008293,0.0
linear,omega=1.5,Principal Components (kDMD),7,2,0.0,9.258762914840982,0.0,0.12132825502973624,0.0,1.0000274889427512,-0.009738470162008293,0.0
linear,omega=1.5,Principal Components (kDMD),7,3,0.0,0.0,0.0,1.000534497745012,0.0,-5.457219107121631e-09,0.0,0.0
linear,omega=1.5,Principal Components (kDMD),7,4,0.0,0.0,0.0,1.003393267440384,0.0,-3.6322114868664746e-10,1.8965165925190937e-09,0.0
linear,omega=1.5,Principal Components (kDMD),7,5,0.0,0.0,0.0,1.003393267440384,0.0,-3.6322114868664746e-10,-1.8965165925190937e-09,0.0
linear,omega=1.5,Principal Components (kDMD),8,1,0.0,9.391119035088707,0.0,0.1421471989227094,0.0,1.0001466338635587,0.008938935592890374,0.0
linear,omega=1.5,Principal Components (kDMD),8,2,0.0,9.391119035088707,0.0,0.1421471989227094,0.0,1.0001466338635587,-0.008938935592890374,0.0
linear,omega=1.5,Principal Components (kDMD),8,3,0.0,0.0,0.0,1.0023235517776294,0.0,-5.43081975988328e-09,0.0,0.0
linear,omega=1.5,Principal Components (kDMD),8,4,,,0.0,,0.0,3.1594714183472247e-09,2.545417821134403e-09,0.0
linear,omega=1.5,Principal Components (kDMD),8,5,,,0.0,,0.0,3.1594714183472247e-09,-2.545417821134403e-09,0.0
linear,omega=1.5,Principal Components (kDMD),9,1,0.0,9.37519250623916,0.0,0.13424352971042833,0.0,0.9999275705588697,0.009328324004363424,0.0
linear,omega=1.5,Principal Components (kDMD),9,2,0.0,9.37519250623916,0.0,0.13424352971042833,0.0,0.9999275705588697,-0.009328324004363424,0.0
linear,omega=1.5,Principal Components (kDMD),9,3,0.0,0.0,0.0,1.0011514144546165,0.0,1.8357561925621373e-08,3.1476093589979183e-09,0.0
linear,omega=1.5,Principal Components (kDMD),9,4,0.0,0.0,0.0,1.0011514144546165,0.0,1.8357561925621373e-08,-3.1476093589979183e-09,0.0
linear,omega=1.5,Principal Components (kDMD),9,5,0.0,0.0,0.0,1.0000886938206293,0.0,6.362644664458884e-11,0.0,0.0
linear,omega=1.5,Reduced Rank,0,1,,,1.0101724759381494e-15,,0.0,0.9998971850338467,0.009562393127002555,0.0
linear,omega=1.5,Reduced Rank,0,2,,,1.0101724759381494e-15,,0.0,0.9998971850338467,-0.009562393127002555,0.0
linear,omega=1.5,Reduced Rank,0,3,,,1.0101724759381494e-15,,0.0,1.2185297327084342e-07,0.0,0.0
linear,omega=1.5,Reduced Rank,0,4,,,1.0101724759381494e-15,,0.0,-4.3177515479837903e-08,0.0,0.0
linear,omega=1.5,Reduced Rank,0,5,,,1.0101724759381494e-15,,0.0,9.27440538929887e-39,0.0,0.0
linear,omega=1.5,Reduced Rank,1,1,,,1.641359952609859e-15,,0.0,1.0001102850803039,0.008790875405802569,0.0
linear,omega=1.5,Reduced Rank,1,2,,,1.641359952609859e-15,,0.0,1.0001102850803039,-0.008790875405802569,0.0
linear,omega=1.5,Reduced Rank,1,3,,,1.641359952609859e-15,,0.0,1.2144909214904853e-07,0.0,0.0
linear,omega=1.5,Reduced Rank,1,4,,,1.641359952609859e-15,,0.0,-5.671753687657417e-28,0.0,0.0
linear,omega=1.5,Reduced Rank,2,1,,,9.828381515220304e-16,,0.0,1.0000447691305157,0.009822495852818731,0.0
linear,omega=1.5,Reduced Rank,2,2,,,9.828381515220304e-16,,0.0,1.0000447691305157,-0.009822495852818731,0.0
linear,omega=1.5,Reduced Rank,2,3,,,9.828381515220304e-16,,0.0,5.837630108975068e-07,0.0,0.0
linear,omega=1.5,Reduced Rank,2,4,,,9.828381515220304e-16,,0.0,-9.274982253895745e-08,0.0,0.0
linear,omega=1.5,Reduced Rank,2,5,,,9.828381515220304e-16,,0.0,4.1198454253964843e-38,0.0,0.0
linear,omega=1.5,Reduced Rank,3,1,,,1.266537676801386e-15,,0.0,1.0002128418001286,0.009029128553967676,0.0
linear,omega=1.5,Reduced Rank,3,2,,,1.266537676801386e-15,,0.0,1.0002128418001286,-0.009029128553967676,0.0
linear,omega=1.5,Reduced Rank,3,3,,,1.266537676801386e-15,,0.0,1.1680903493924494e-07,0.0,0.0
linear,omega=1.5,Reduced Rank,3,4,,,1.266537676801386e-15,,0.0,7.779391054393983e-27,0.0,0.0
linear,omega=1.5,Reduced Rank,4,1,,,1.2854349635386466e-15,,0.0,1.0000841441990092,0.007621640995148188,0.0
linear,omega=1.5,Reduced Rank,4,2,,,1.2854349635386466e-15,,0.0,1.0000841441990092,-0.007621640995148188,0.0
linear,omega=1.5,Reduced Rank,4,3,,,1.2854349635386466e-15,,0.0,-3.4393692261559845e-07,0.0,0.0
linear,omega=1.5,Reduced Rank,4,4,,,1.2854349635386466e-15,,0.0,-1.9291086548486747e-08,0.0,0.0
linear,omega=1.5,Reduced Rank,4,5,,,1.2854349635386466e-15,,0.0,-1.0761671580753682e-35,0.0,0.0
linear,omega=1.5,Reduced Rank,5,1,,,1.6515147872531828e-15,,0.0,1.0001528991376198,0.0097961249553126,0.0
linear,omega=1.5,Reduced Rank,5,2,,,1.6515147872531828e-15,,0.0,1.0001528991376198,-0.0097961249553126,0.0
linear,omega=1.5,Reduced Rank,5,3,,,1.6515147872531828e-15,,0.0,-4.704541815413875e-07,0.0,0.0
linear,omega=1.5,Reduced Rank,5,4,,,1.6515147872531828e-15,,0.0,-1.905387810620785e-28,0.0,0.0
linear,omega=1.5,Reduced Rank,6,1,,,1.5796944856208006e-15,,0.0,0.9998230049507957,0.00848775053480731,0.0
linear,omega=1.5,Reduced Rank,6,2,,,1.5796944856208006e-15,,0.0,0.9998230049507957,-0.00848775053480731,0.0
linear,omega=1.5,Reduced Rank,6,3,,,1.5796944856208006e-15,,0.0,-9.477483556941007e-08,0.0,0.0
linear,omega=1.5,Reduced Rank,6,4,,,1.5796944856208006e-15,,0.0,6.439214998510762e-28,0.0,0.0
linear,omega=1.5,Reduced Rank,7,1,,,1.125548950910318e-15,,0.0,1.0001124759628026,0.00974060958659234,0.0
linear,omega=1.5,Reduced Rank,7,2,,,1.125548950910318e-15,,0.0,1.0001124759628026,-0.00974060958659234,0.0
linear,omega=1.5,Reduced Rank,7,3,,,1.125548950910318e-15,,0.0,6.161892499467578e-07,0.0,0.0
linear,omega=1.5,Reduced Rank,7,4,,,1.125548950910318e-15,,0.0,-1.2027627782407903e-07,0.0,0.0
linear,omega=1.5,Reduced Rank,7,5,,,1.125548950910318e-15,,0.0,9.752295994402373e-41,0.0,0.0
linear,omega=1.5,Reduced Rank,8,1,1.8636285103364434e-15,1.3399304988067011,1.3908396831000792e-15,0.1421634017692307,0.0,1.0001508309531388,0.008939241327153728,0.0
linear,omega=1.5,Reduced Rank,8,2,1.8636285103364434e-15,1.3399304988067011,1.3908396831000792e-15,0.1421634017692307,0.0,1.0001508309531388,-0.008939241327153728,0.0
linear,omega=1.5,Reduced Rank,8,3,0.0,0.0,1.3908396831000792e-15,1.000352313649348,0.0,9.551401310562408e-13,0.0,0.0
linear,omega=1.5,Reduced Rank,8,4,1.179551953600139e-15,0.8480862085923552,1.3908396831000792e-15,1.0008576628153216,0.0,-2.250959667602742e-25,0.0,0.0
linear,omega=1.5,Reduced Rank,9,1,,,1.0719346807180693e-15,,0.0,0.9999541156168545,0.00932856088022291,0.0
linear,omega=1.5,Reduced Rank,9,2,,,1.0719346807180693e-15,,0.0,0.9999541156168545,-0.00932856088022291,0.0
linear,omega=1.5,Reduced Rank,9,3,,,1.0719346807180693e-15,,0.0,5.957686391558967e-07,0.0,0.0
linear,omega=1.5,Reduced Rank,9,4,0.0,0.0,1.0719346807180693e-15,0.9999800944330863,0.0,-2.3772938190534595e-07,0.0,0.0
linear,omega=1.5,Reduced Rank,9,5,,,1.0719346807180693e-15,,0.0,-1.493144578690842e-23,0.0,0.0
linear,omega=2.0,Principal Components (kDMD),0,1,0.0,10.540589415281225,0.0,0.13754998855496567,0.0,1.0000472457507126,0.006974035064321009,0.0
linear,omega=2.0,Principal Components (kDMD),0,2,0.0,10.540589415281225,0.0,0.13754998855496567,0.0,1.0000472457507126,-0.006974035064321009,0.0
linear,omega=2.0,Principal Components (kDMD),0,3,0.0,0.0,0.0,1.00004825641558,0.0,-5.062441616798006e-09,0.0,0.0
linear,omega=2.0,Principal Components (kDMD),0,4,0.0,0.0,0.0,1.0000230004766395,0.0,-8.023491189245004e-11,3.034864902100721e-09,0.0
linear,omega=2.0,Principal Components (kDMD),0,5,0.0,0.0,0.0,1.0000230004766395,0.0,-8.023491189245004e-11,-3.034864902100721e-09,0.0
linear,omega=2.0,Principal Components (kDMD),1,1,0.0,11.509790781616884,0.0,0.1452485583828477,0.0,0.999968227976699,0.005205769748020247,0.0
linear,omega=2.0,Principal Components (kDMD),1,2,0.0,11.509790781616884,0.0,0.1452485583828477,0.0,0.999968227976699,-0.005205769748020247,0.0
linear,omega=2.0,Principal Components (kDMD),1,3,0.0,0.0,0.0,1.0000197180222192,0.0,5.247088159673389e-09,8.339005653955482e-09,0.0
linear,omega=2.0,Principal Components (kDMD),1,4,0.0,0.0,0.0,1.0000197180222192,0.0,5.247088159673389e-09,-8.339005653955482e-09,0.0
linear,omega=2.0,Principal Components (kDMD),1,5,0.0,0.0,0.0,1.0022077567103922,0.0,-6.6505199400353095e-09,0.0,0.0
linear,omega=2.0,Principal Components (kDMD),2,1,0.0,9.88568623721028,0.0,0.12812423288832936,0.0,0.9999238033705945,0.007986157828016958,0.0
linear,omega=2.0,Principal Components (kDMD),2,2,0.0,9.88568623721028,0.0,0.12812423288832936,0.0,0.9999238033705945,-0.007986157828016958,0.0
linear,omega=2.0,Principal Components (kDMD),2,3,,,0.0,,0.0,-2.0355929995244603e-08,0.0,0.0
linear,omega=2.0,Principal Components (kDMD),2,4,0.0,0.0,0.0,1.0006648218693386,0.0,5.9018255245040414e-09,0.0,0.0
linear,omega=2.0,Principal Components (kDMD),2,5,0.0,0.0,0.0,1.0006038181738188,0.0,1.881615367782597e-09,0.0,0.0
linear,omega=2.0,Principal Components (kDMD),3,1,0.0,11.438356641483217,0.0,0.14914530032040485,0.0,0.9998887607944928,0.005259614161127416,0.0
linear,omega=2.0,Principal Components (kDMD),3,2,0.0,11.438356641483217,0.0,0.14914530032040485,0.0,0.9998887607944928,-0.005259614161127416,0.0
linear,omega=2.0,Principal Components (kDMD),3,3,0.0,0.0,0.0,1.000209041993392,0.0,1.92643462648133e-09,4.852582799602674e-09,0.0
linear,omega=2.0,Principal Components (kDMD),3,4,0.0,0.0,0.0,1.000209041993392,0.0,1.92643462648133e-09,-4.852582799602674e-09,0.0
linear,omega=2.0,Principal Components (kDMD),3,5,0.0,0.0,0.0,1.0000047051040994,0.0,5.374708656243397e-10,0.0,0.0
linear,omega=2.0,Principal Components (kDMD),4,1,0.0,10.789740189547524,0.0,0.13815318770710905,0.0,0.9999755292139789,0.006136962705460706,0.0
linear,omega=2.0,Principal Components (kDMD),4,2,0.0,10.789740189547524,0.0,0.13815318770710905,0.0,0.9999755292139789,-0.006136962705460706,0.0
linear,omega=2.0,Principal Components (kDMD),4,3,0.0,0.0,0.0,1.0017004961075033,0.0,5.303607877281263e-09,2.1821415071014086e-09,0.0
linear,omega=2.0,Principal Components (kDMD),4,4,0.0,0.0,0.0,1.0017004961075033,0.0,5.303607877281263e-09,-2.1821415071014086e-09,0.0
linear,omega=2.0,Principal Components (kDMD),4,5,0.0,0.0,0.0,1.0002457864884287,0.0,-5.301200457453224e-09,0.0,0.0
linear,omega=2.0,Principal Components (kDMD),5,1,0.0,10.576398610502,0.0,0.14719123930835584,0.0,0.9999452043915353,0.006154558350825649,0.0
linear,omega=2.0,Principal Components (kDMD),5,2,0.0,10.576398610502,0.0,0.14719123930835584,0.0,0.9999452043915353,-0.006154558350825649,0.0
linear,omega=2.0,Principal Components (kDMD),5,3,0.0,0.0,0.0,1.0005629594086636,0.0,-7.402217494623747e-09,0.0,0.0
linear,omega=2.0,Principal Components (kDMD),5,4,0.0,0.0,0.0,1.0000046508645728,0.0,-3.1707189791524124e-09,0.0,0.0
linear,omega=2.0,Principal Components (kDMD),5,5,0.0,0.0,0.0,1.0015566017964816,0.0,1.5660448842940971e-09,0.0,0.0
linear,omega=2.0,Principal Components (kDMD),6,1,0.0,11.935842906408439,0.0,0.1410040020486187,0.0,0.9998835441893363,0.004543924373699158,0.0
linear,omega=2.0,Principal Components (kDMD),6,2,0.0,11.935842906408439,0.0,0.1410040020486187,0.0,0.9998835441893363,-0.004543924373699158,0.0
linear,omega=2.0,Principal Components (kDMD),6,3,0.0,0.0,0.0,1.0000250893854232,0.0,7.089628481739002e-09,0.0,0.0
linear,omega=2.0,Principal Components (kDMD),6,4,0.0,0.0,0.0,1.0001435345906762,0.0,-2.784195090275297e-10,1.0912241456614918e-09,0.0
linear,omega=2.0,Principal Components (kDMD),6,5,0.0,0.0,0.0,1.0001435345906762,0.0,-2.784195090275297e-10,-1.0912241456614918e-09,0.0
linear,omega=2.0,Principal Components (kDMD),7,1,0.0,10.205563958065001,0.0,0.1483709549756994,0.0,0.9997813727956097,0.007097268987258444,0.0
linear,omega=2.0,Principal Components (kDMD),7,2,0.0,10.205563958065001,0.0,0.1483709549756994,0.0,0.9997813727956097,-0.007097268987258444,0.0
linear,omega=2.0,Principal Components (kDMD),7,3,0.0,0.0,0.0,1.0001833354262386,0.0,-4.879972280110651e-09,0.0,0.0
linear,omega=2.0,Principal Components (kDMD),7,4,0.0,0.0,0.0,1.0022757558118116,0.0,2.77854784613812e-09,2.8017680168120515e-09,0.0
linear,omega=2.0,Principal Components (kDMD),7,5,0.0,0.0,0.0,1.0022757558118116,0.0,2.77854784613812e-09,-2.8017680168120515e-09,0.0
linear,omega=2.0,Principal Components (kDMD),8,1,0.0,10.81869679348162,0.0,0.14757920805938204,0.0,1.0000101478286447,0.006139374168399188,0.0
linear,omega=2.0,Principal Components (kDMD),8,2,0.0,10.81869679348162,0.0,0.14757920805938204,0.0,1.0000101478286447,-0.006139374168399188,0.0
linear,omega=2.0,Principal Components (kDMD),8,3,0.0,0.0,0.0,1.000192828175394,0.0,6.590348586854911e-09,0.0,0.0
linear,omega=2.0,Principal Components (kDMD),8,4,0.0,0.0,0.0,1.0002345014762954,0.0,-1.9522342816959e-09,5.2807848783453326e-09,0.0
linear,omega=2.0,Principal Components (kDMD),8,5,0.0,0.0,0.0,1.0002345014762954,0.0,-1.9522342816959e-09,-5.2807848783453326e-09,0.0
linear,omega=2.0,Principal Components (kDMD),9,1,0.0,9.622953100592982,0.0,0.13295088593129417,0.0,0.9999942578260352,0.00860167157750031,0.0
linear,omega=2.0,Principal Components (kDMD),9,2,0.0,9.622953100592982,0.0,0.13295088593129417,0.0,0.9999942578260352,-0.00860167157750031,0.0
linear,omega=2.0,Principal Components (kDMD),9,3,0.0,0.0,0.0,1.0002035228513206,0.0,1.2416399396242334e-08,0.0,0.0
linear,omega=2.0,Principal Components (kDMD),9,4,0.0,0.0,0.0,1.00183546676945,0.0,3.9557067921312906e-09,2.652288349034281e-10,0.0
linear,omega=2.0,Principal Components (kDMD),9,5,0.0,0.0,0.0,1.00183546676945,0.0,3.9557067921312906e-09,-2.652288349034281e-10,0.0
linear,omega=2.0,Reduced Rank,0,1,9.08917804479903e-16,0.9944132631036775,9.140242172988186e-16,0.13753319728134974,0.0,1.0000634701886983,0.006974876150475384,0.0
linear,omega=2.0,Reduced Rank,0,2,9.08917804479903e-16,0.9944132631036775,9.140242172988186e-16,0.13753319728134974,0.0,1.0000634701886983,-0.006974876150475384,0.0
linear,omega=2.0,Reduced Rank,0,3,,,9.140242172988186e-16,,0.0,1.5023579516459867e-07,0.0,0.0
linear,omega=2.0,Reduced Rank,0,4,0.0,0.0,9.140242172988186e-16,1.0000774406217101,0.0,-4.379071579847988e-08,0.0,0.0
linear,omega=2.0,Reduced Rank,0,5,,,9.140242172988186e-16,,0.0,-6.592610735687198e-38,0.0,0.0
linear,omega=2.0,Reduced Rank,1,1,1.5987276404706676e-15,1.1545891401558948,1.3846723348314228e-15,0.1452443235492641,0.0,0.9999910025490549,0.005205060815487095,0.0
linear,omega=2.0,Reduced Rank,1,2,1.5987276404706676e-15,1.1545891401558948,1.3846723348314228e-15,0.1452443235492641,0.0,0.9999910025490549,-0.005205060815487095,0.0
linear,omega=2.0,Reduced Rank,1,3,0.0,0.0,1.3846723348314228e-15,0.9999657567006476,0.0,2.9696363189553328e-08,4.957968740995689e-08,0.0
linear,omega=2.0,Reduced Rank,1,4,0.0,0.0,1.3846723348314228e-15,0.9999657567006476,0.0,2.9696363189553328e-08,-4.957968740995689e-08,0.0
linear,omega=2.0,Reduced Rank,1,5,,,1.3846723348314228e-15,,0.0,3.55052228941825e-38,0.0,0.0
linear,omega=2.0,Reduced Rank,2,1,,,1.0382170867418785e-15,,0.2371603933679125,1.2380521130047173,0.0,0.2371603933679125
linear,omega=2.0,Reduced Rank,2,2,,,1.0382170867418785e-15,,0.2371603933679125,1.0008917196368048,0.0,0.2371603933679125
linear,omega=2.0,Reduced Rank,2,3,,,1.0382170867418785e-15,,0.2371603933679125,4.750681240991089e-06,0.0,0.2371603933679125
linear,omega=2.0,Reduced Rank,2,4,,,1.0382170867418785e-15,,0.2371603933679125,6.871247652703459e-07,0.0,0.2371603933679125
linear,omega=2.0,Reduced Rank,2,5,,,1.0382170867418785e-15,,0.2371603933679125,-1.7654222586740428e-22,0.0,0.2371603933679125
linear,omega=2.0,Reduced Rank,3,1,,,1.193025716565926e-15,,0.0,1.000507085417553,0.005272761470170501,0.0
linear,omega=2.0,Reduced Rank,3,2,,,1.193025716565926e-15,,0.0,1.000507085417553,-0.005272761470170501,0.0
linear,omega=2.0,Reduced Rank,3,3,,,1.193025716565926e-15,,0.0,-9.091307349110303e-07,0.0,0.0
linear,omega=2.0,Reduced Rank,3,4,0.0,0.0,1.193025716565926e-15,1.000028283398691,0.0,1.1018217893404931e-07,0.0,0.0
linear,omega=2.0,Reduced Rank,3,5,,,1.193025716565926e-15,,0.0,3.149621172961407e-38,0.0,0.0
linear,omega=2.0,Reduced Rank,4,1,9.09553259914482e-16,0.7688656902993387,1.1829806836098642e-15,0.13806161295843894,0.0,1.000015830236282,0.0061352209514169065,0.0
linear,omega=2.0,Reduced Rank,4,2,9.09553259914482e-16,0.7688656902993387,1.1829806836098642e-15,0.13806161295843894,0.0,1.000015830236282,-0.0061352209514169065,0.0
linear,omega=2.0,Reduced Rank,4,3,0.0,0.0,1.1829806836098642e-15,1.00000547159405,0.0,1.7557383826588042e-07,7.282028918250895e-08,0.0
linear,omega=2.0,Reduced Rank,4,4,0.0,0.0,1.1829806836098642e-15,1.00000547159405,0.0,1.7557383826588042e-07,-7.282028918250895e-08,0.0
linear,omega=2.0,Reduced Rank,4,5,,,1.1829806836098642e-15,,0.0,-4.276694474711302e-38,0.0,0.0
linear,omega=2.0,Reduced Rank,5,1,,,1.5030128464457677e-15,,0.0,1.000223032843316,0.006159867164117266,0.0
linear,omega=2.0,Reduced Rank,5,2,,,1.5030128464457677e-15,,0.0,1.000223032843316,-0.006159867164117266,0.0
linear,omega=2.0,Reduced Rank,5,3,,,1.5030128464457677e-15,,0.0,-8.11423468113751e-08,4.52934094604326e-08,0.0
linear,omega=2.0,Reduced Rank,5,4,,,1.5030128464457677e-15,,0.0,-8.11423468113751e-08,-4.52934094604326e-08,0.0
linear,omega=2.0,Reduced Rank,5,5,,,1.5030128464457677e-15,,0.0,-4.832431737200844e-22,0.0,0.0
linear,omega=2.0,Reduced Rank,6,1,,,1.3240536378512297e-15,,0.0,1.000037399153445,0.004538054980878775,0.0
linear,omega=2.0,Reduced Rank,6,2,,,1.3240536378512297e-15,,0.0,1.000037399153445,-0.004538054980878775,0.0
linear,omega=2.0,Reduced Rank,6,3,,,1.3240536378512297e-15,,0.0,3.7199363463941086e-07,0.0,0.0
linear,omega=2.0,Reduced Rank,6,4,,,1.3240536378512297e-15,,0.0,2.5063161015954507e-08,0.0,0.0
linear,omega=2.0,Reduced Rank,6,5,,,1.3240536378512297e-15,,0.0,2.494784606923337e-22,0.0,0.0
linear,omega=2.0,Reduced Rank,7,1,4.815610207310228e-16,0.41217785099871773,1.1683330862252491e-15,0.14644561915156154,0.0,1.0002620592575093,0.007083631517146585,0.0
linear,omega=2.0,Reduced Rank,7,2,4.815610207310228e-16,0.41217785099871773,1.1683330862252491e-15,0.14644561915156154,0.0,1.0002620592575093,-0.007083631517146585,0.0
linear,omega=2.0,Reduced Rank,7,3,0.0,0.0,1.1683330862252491e-15,1.000362851837841,0.0,-1.4481441169950993e-07,0.0,0.0
linear,omega=2.0,Reduced Rank,7,4,,,1.1683330862252491e-15,,0.0,-3.543332932078148e-28,0.0,0.0
linear,omega=2.0,Reduced Rank,8,1,,,1.2107797921785563e-15,,0.0,1.0009657784428534,0.006054393555614677,0.0
linear,omega=2.0,Reduced Rank,8,2,,,1.2107797921785563e-15,,0.0,1.0009657784428534,-0.006054393555614677,0.0
linear,omega=2.0,Reduced Rank,8,3,,,1.2107797921785563e-15,,0.0,1.7918592433782102e-06,0.0,0.0
linear,omega=2.0,Reduced Rank,8,4,,,1.2107797921785563e-15,,0.0,8.127061373349443e-08,0.0,0.0
linear,omega=2.0,Reduced Rank,8,5,,,1.2107797921785563e-15,,0.0,1.3476049455319103e-38,0.0,0.0
linear,omega=2.0,Reduced Rank,9,1,3.397121388298219e-16,0.3352388255532351,1.013343661102513e-15,0.13269116365279288,0.0,1.0004033957722438,0.008605117329132158,0.0
linear,omega=2.0,Reduced Rank,9,2,3.397121388298219e-16,0.3352388255532351,1.013343661102513e-15,0.13269116365279288,0.0,1.0004033957722438,-0.008605117329132158,0.0
linear,omega=2.0,Reduced Rank,9,3,0.0,0.0,1.013343661102513e-15,1.0000948903086369,0.0,-4.090231574783753e-08,1.3101995297715127e-07,0.0
linear,omega=2.0,Reduced Rank,9,4,0.0,0.0,1.013343661102513e-15,1.0000948903086369,0.0,-4.090231574783753e-08,-1.3101995297715127e-07,0.0
linear,omega=2.0,Reduced Rank,9,5,,,1.013343661102513e-15,,0.0,2.6095786673537842e-37,0.0,0.0
linear,omega=3.0,Principal Components (kDMD),0,1,0.0,12.424310848533795,0.0,0.15071627841275131,0.0,0.9998460262755866,0.004505846752656991,0.0
linear,omega=3.0,Principal Components (kDMD),0,2,0.0,12.424310848533795,0.0,0.15071627841275131,0.0,0.9998460262755866,-0.004505846752656991,0.0
linear,omega=3.0,Principal Components (kDMD),0,3,0.0,0.0,0.0,1.0000552996116396,0.0,-4.1646448586815175e-09,0.0,0.0
linear,omega=3.0,Principal Components (kDMD),0,4,0.0,0.0,0.0,1.0011531825516522,0.0,1.7538275536692768e-09,1.5964311349270456e-09,0.0
linear,omega=3.0,Principal Components (kDMD),0,5,0.0,0.0,0.0,1.0011531825516522,0.0,1.7538275536692768e-09,-1.5964311349270456e-09,0.0
linear,omega=3.0,Principal Components (kDMD),1,1,0.0,12.778978161967556,0.0,0.16510893394349216,0.0,0.9997371695625032,0.003996871550631645,0.0
linear,omega=3.0,Principal Components (kDMD),1,2,0.0,12.778978161967556,0.0,0.16510893394349216,0.0,0.9997371695625032,-0.003996871550631645,0.0
linear,omega=3.0,Principal Components (kDMD),1,3,0.0,0.0,0.0,1.000116029010013,0.0,2.103762765273229e-10,9.813918110472257e-09,0.0
linear,omega=3.0,Principal Components (kDMD),1,4,0.0,0.0,0.0,1.000116029010013,0.0,2.103762765273229e-10,-9.813918110472257e-09,0.0
linear,omega=3.0,Principal Components (kDMD),1,5,0.0,0.0,0.0,1.0001109724172017,0.0,-5.63669053993434e-09,0.0,0.0
linear,omega=3.0,Principal Components (kDMD),2,1,0.0,12.807880222135793,0.0,0.1580248961539494,0.0,0.9996503211876875,0.004101642874653121,0.0
linear,omega=3.0,Principal Components (kDMD),2,2,0.0,12.807880222135793,0.0,0.1580248961539494,0.0,0.9996503211876875,-0.004101642874653121,0.0
linear,omega=3.0,Principal Components (kDMD),2,3,0.0,0.0,0.0,1.0003724577426554,0.0,4.674625980688423e-09,1.3501688901171947e-09,0.0
linear,omega=3.0,Principal Components (kDMD),2,4,0.0,0.0,0.0,1.0003724577426554,0.0,4.674625980688423e-09,-1.3501688901171947e-09,0.0
linear,omega=3.0,Principal Components (kDMD),2,5,0.0,0.0,0.0,0.99986174127465,0.0,-3.0884330867608862e-09,0.0,0.0
linear,omega=3.0,Principal Components (kDMD),3,1,0.0,12.407742714039722,0.0,0.15667979012791164,0.0,0.9996606029084406,0.004258388558474233,0.0
linear,omega=3.0,Principal Components (kDMD),3,2,0.0,12.407742714039722,0.0,0.15667979012791164,0.0,0.9996606029084406,-0.004258388558474233,0.0
linear,omega=3.0,Principal Components (kDMD),3,3,,,0.0,,0.0,-6.539970717964897e-09,0.0,0.0
linear,omega=3.0,Principal Components (kDMD),3,4,0.0,0.0,0.0,1.0025114712014997,0.0,4.551257831038961e-09,0.0,0.0
linear,omega=3.0,Principal Components (kDMD),3,5,0.0,0.0,0.0,1.0002231224696507,0.0,1.6533865276096392e-09,0.0,0.0
linear,omega=3.0,Principal Components (kDMD),4,1,0.0,13.599376796573665,0.0,0.16315932796853586,0.0,0.9996093370185264,0.00342206510529955,0.0
linear,omega=3.0,Principal Components (kDMD),4,2,0.0,13.599376796573665,0.0,0.16315932796853586,0.0,0.9996093370185264,-0.00342206510529955,0.0
linear,omega=3.0,Principal Components (kDMD),4,3,0.0,0.0,0.0,1.000014129417827,0.0,-4.040255710208096e-09,0.0,0.0
linear,omega=3.0,Principal Components (kDMD),4,4,0.0,0.0,0.0,0.9999964614794651,0.0,2.8989050430280147e-09,2.364192827839619e-09,0.0
linear,omega=3.0,Principal Components (kDMD),4,5,0.0,0.0,0.0,0.9999964614794651,0.0,2.8989050430280147e-09,-2.364192827839619e-09,0.0
linear,omega=3.0,Principal Components (kDMD),5,1,0.0,12.980742013062203,0.0,0.1533985629058032,0.0,0.9997298160401347,0.003960294767634414,0.0
linear,omega=3.0,Principal Components (kDMD),5,2,0.0,12.980742013062203,0.0,0.1533985629058032,0.0,0.9997298160401347,-0.003960294767634414,0.0
linear,omega=3.0,Principal Components (kDMD),5,3,0.0,0.0,0.0,1.0001595115021247,0.0,2.411834127294241e-09,5.353215005160005e-09,0.0
linear,omega=3.0,Principal Components (kDMD),5,4,0.0,0.0,0.0,1.0001595115021247,0.0,2.411834127294241e-09,-5.353215005160005e-09,0.0
linear,omega=3.0,Principal Components (kDMD),5,5,0.0,0.0,0.0,1.0000016941167538,0.0,-3.5405942255629003e-09,0.0,0.0
linear,omega=3.0,Principal Components (kDMD),6,1,0.0,12.86573096914319,0.0,0.16265685290980247,0.0,0.9996499134471506,0.004003257355279259,0.0
linear,omega=3.0,Principal Components (kDMD),6,2,0.0,12.86573096914319,0.0,0.16265685290980247,0.0,0.9996499134471506,-0.004003257355279259,0.0
linear,omega=3.0,Principal Components (kDMD),6,3,,,0.0,,0.0,1.6476953762839762e-08,0.0,0.0
linear,omega=3.0,Principal Components (kDMD),6,4,0.0,0.0,0.0,0.9999814003318414,0.0,-3.663576878003362e-09,0.0,0.0
linear,omega=3.0,Principal Components (kDMD),6,5,,,0.0,,0.0,-1.3133942076893259e-09,0.0,0.0
linear,omega=3.0,Principal Components (kDMD),7,1,0.0,12.666653661407896,0.0,0.1628688214762209,0.0,0.9992412082240931,0.004041951893661674,0.0
linear,omega=3.0,Principal Components (kDMD),7,2,0.0,12.666653661407896,0.0,0.1628688214762209,0.0,0.9992412082240931,-0.004041951893661674,0.0
linear,omega=3.0,Principal Components (kDMD),7,3,0.0,0.0,0.0,1.0005638282894254,0.0,2.321097906822375e-09,4.122556223284873e-09,0.0
linear,omega=3.0,Principal Components (kDMD),7,4,0.0,0.0,0.0,1.0005638282894254,0.0,2.321097906822375e-09,-4.122556223284873e-09,0.0
linear,omega=3.0,Principal Components (kDMD),7,5,0.0,0.0,0.0,1.000300567765281,0.0,1.778474313549303e-09,0.0,0.0
linear,omega=3.0,Principal Components (kDMD),8,1,0.0,12.675559784968403,0.0,0.15678361960367246,0.0,0.9998242567630495,0.004152915837229561,0.0
linear,omega=3.0,Principal Components (kDMD),8,2,0.0,12.675559784968403,0.0,0.15678361960367246,0.0,0.9998242567630495,-0.004152915837229561,0.0
linear,omega=3.0,Principal Components (kDMD),8,3,0.0,0.0,0.0,0.9999921633396209,0.0,-1.3449740574886909e-08,0.0,0.0
linear,omega=3.0,Principal Components (kDMD),8,4,,,0.0,,0.0,5.267467388677367e-10,2.4705391353877504e-09,0.0
linear,omega=3.0,Principal Components (kDMD),8,5,,,0.0,,0.0,5.267467388677367e-10,-2.4705391353877504e-09,0.0
linear,omega=3.0,Principal Components (kDMD),9,1,0.0,12.647364626641696,0.0,0.15590891880969043,0.0,0.9998361383581807,0.004144842418108776,0.0
linear,omega=3.0,Principal Components (kDMD),9,2,0.0,12.647364626641696,0.0,0.15590891880969043,0.0,0.9998361383581807,-0.004144842418108776,0.0
linear,omega=3.0,Principal Components (kDMD),9,3,0.0,0.0,0.0,1.0004059360532644,0.0,-3.84624068429473e-09,0.0,0.0
linear,omega=3.0,Principal Components (kDMD),9,4,0.0,0.0,0.0,1.0003722628191647,0.0,-2.1494737972285917e-09,0.0,0.0
linear,omega=3.0,Principal Components (kDMD),9,5,0.0,0.0,0.0,1.0007110888444062,0.0,1.1929230352612154e-09,0.0,0.0
linear,omega=3.0,Reduced Rank,0,1,1.9562430234728672e-14,12.414655543553833,1.5757529611754906e-15,0.15071622330054246,0.0,0.9998460259645312,0.004505846467418355,0.0
linear,omega=3.0,Reduced Rank,0,2,1.9562430234728672e-14,12.414655543553833,1.5757529611754906e-15,0.15071622330054246,0.0,0.9998460259645312,-0.004505846467418355,0.0
linear,omega=3.0,Reduced Rank,1,1,,,1.4692839472154357e-15,,0.0,0.999984348712492,0.003964228875235655,0.0
linear,omega=3.0,Reduced Rank,1,2,,,1.4692839472154357e-15,,0.0,0.999984348712492,-0.003964228875235655,0.0
linear,omega=3.0,Reduced Rank,1,3,,,1.4692839472154357e-15,,0.0,-9.897224920802805e-08,1.377843022788799e-08,0.0
linear,omega=3.0,Reduced Rank,1,4,,,1.4692839472154357e-15,,0.0,-9.897224920802805e-08,-1.377843022788799e-08,0.0
linear,omega=3.0,Reduced Rank,1,5,,,1.4692839472154357e-15,,0.0,-7.247241478163926e-22,0.0,0.0
linear,omega=3.0,Reduced Rank,2,1,,,1.3129943305490131e-15,,0.0,1.0008709993761837,0.003955294261803082,0.0
linear,omega=3.0,Reduced Rank,2,2,,,1.3129943305490131e-15,,0.0,1.0008709993761837,-0.003955294261803082,0.0
linear,omega=3.0,Reduced Rank,2,3,,,1.3129943305490131e-15,,0.0,1.26465695720569e-07,5.389534651097073e-08,0.0
linear,omega=3.0,Reduced Rank,2,4,,,1.3129943305490131e-15,,0.0,1.26465695720569e-07,-5.389534651097073e-08,0.0
linear,omega=3.0,Reduced Rank,2,5,,,1.3129943305490131e-15,,0.0,1.4895400994001028e-38,0.0,0.0
linear,omega=3.0,Reduced Rank,3,1,,,1.3096977988584784e-15,,0.0,1.0003049698213622,0.0042869451732701165,0.0
linear,omega=3.0,Reduced Rank,3,2,,,1.3096977988584784e-15,,0.0,1.0003049698213622,-0.0042869451732701165,0.0
linear,omega=3.0,Reduced Rank,3,3,,,1.3096977988584784e-15,,0.0,-7.165357277773164e-07,0.0,0.0
linear,omega=3.0,Reduced Rank,3,4,,,1.3096977988584784e-15,,0.0,-2.2016302202417875e-28,0.0,0.0
linear,omega=3.0,Reduced Rank,4,1,1.07272477914608e-15,0.9697680175241312,1.1061663818165532e-15,0.16319748570197876,0.0,0.9996565905389843,0.0034153893873987173,0.0
linear,omega=3.0,Reduced Rank,4,2,1.07272477914608e-15,0.9697680175241312,1.1061663818165532e-15,0.16319748570197876,0.0,0.9996565905389843,-0.0034153893873987173,0.0
linear,omega=3.0,Reduced Rank,4,3,,,1.1061663818165532e-15,,0.0,-1.0015882765227666e-07,0.0,0.0
linear,omega=3.0,Reduced Rank,4,4,0.0,0.0,1.1061663818165532e-15,1.0000022072669452,0.0,7.599129191472853e-08,0.0,0.0
linear,omega=3.0,Reduced Rank,4,5,,,1.1061663818165532e-15,,0.0,1.5090423917299572e-22,0.0,0.0
linear,omega=3.0,Reduced Rank,5,1,,,1.5827543992372085e-15,,0.0,1.000079027152425,0.003991627684552448,0.0
linear,omega=3.0,Reduced Rank,5,2,,,1.5827543992372085e-15,,0.0,1.000079027152425,-0.003991627684552448,0.0
linear,omega=3.0,Reduced Rank,5,3,,,1.5827543992372085e-15,,0.0,-2.305658047241393e-08,0.0,0.0
linear,omega=3.0,Reduced Rank,5,4,,,1.5827543992372085e-15,,0.0,-1.679709514162058e-26,0.0,0.0
linear,omega=3.0,Reduced Rank,6,1,1.4071438843210417e-15,1.2405547575069333,1.1342859924610601e-15,0.1626471593906307,0.0,0.9997892293774353,0.004017501871320062,0.0
linear,omega=3.0,Reduced Rank,6,2,1.4071438843210417e-15,1.2405547575069333,1.1342859924610601e-15,0.1626471593906307,0.0,0.9997892293774353,-0.004017501871320062,0.0
linear,omega=3.0,Reduced Rank,6,3,0.0,0.0,1.1342859924610601e-15,1.0015096418935387,0.0,-9.404521002022351e-08,1.59795369581813e-07,0.0
linear,omega=3.0,Reduced Rank,6,4,0.0,0.0,1.1342859924610601e-15,1.0015096418935387,0.0,-9.404521002022351e-08,-1.59795369581813e-07,0.0
linear,omega=3.0,Reduced Rank,6,5,,,1.1342859924610601e-15,,0.0,-1.2766588539161372e-38,0.0,0.0
linear,omega=3.0,Reduced Rank,7,1,9.226632064199468e-16,0.9603573479862563,9.607498795679033e-16,0.1632740806273444,0.0,0.9993504023595208,0.004058858474898687,0.0
linear,omega=3.0,Reduced Rank,7,2,9.226632064199468e-16,0.9603573479862563,9.607498795679033e-16,0.1632740806273444,0.0,0.9993504023595208,-0.004058858474898687,0.0
linear,omega=3.0,Reduced Rank,7,3,,,9.607498795679033e-16,,0.0,8.081284142959844e-08,1.0910259532816707e-07,0.0
linear,omega=3.0,Reduced Rank,7,4,,,9.607498795679033e-16,,0.0,8.081284142959844e-08,-1.0910259532816707e-07,0.0
linear,omega=3.0,Reduced Rank,7,5,,,9.607498795679033e-16,,0.0,-1.9751384121754062e-38,0.0,0.0
linear,omega=3.0,Reduced Rank,8,1,,,1.0139598945672958e-15,,0.0,1.0000439064410642,0.004158370038204515,0.0
linear,omega=3.0,Reduced Rank,8,2,,,1.0139598945672958e-15,,0.0,1.0000439064410642,-0.004158370038204515,0.0
linear,omega=3.0,Reduced Rank,8,3,,,1.0139598945672958e-15,,0.0,-1.555657364472658e-07,1.6500388639353468e-07,0.0
linear,omega=3.0,Reduced Rank,8,4,,,1.0139598945672958e-15,,0.0,-1.555657364472658e-07,-1.6500388639353468e-07,0.0
linear,omega=3.0,Reduced Rank,8,5,,,1.0139598945672958e-15,,0.0,-9.159807288104474e-39,0.0,0.0
linear,omega=3.0,Reduced Rank,9,1,,,1.1679450698067467e-15,,0.0,1.0003855811401732,0.004142412699915176,0.0
linear,omega=3.0,Reduced Rank,9,2,,,1.1679450698067467e-15,,0.0,1.0003855811401732,-0.004142412699915176,0.0
linear,omega=3.0,Reduced Rank,9,3,,,1.1679450698067467e-15,,0.0,-4.838443002578488e-07,0.0,0.0
linear,omega=3.0,Reduced Rank,9,4,,,1.1679450698067467e-15,,0.0,1.0276190328464433e-07,0.0,0.0
linear,omega=3.0,Reduced Rank,9,5,,,1.1679450698067467e-15,,0.0,4.998921711218596e-22,0.0,0.0
