kernel,kind,method,n_modes_used,weight_sum,agg_bias_mean,agg_bias_std,agg_dist_mean,agg_trunc_mean,agg_spurious_mean,agg_spurious_std,mean_spurious_ref_count,mean_spurious_residual_count,mean_spectral_gap,std_spectral_gap,mean_rank,agg_bias_mean_norm,agg_dist_mean_norm,agg_spurious_mean_norm,agg_trunc_mean_norm,agg_bias_std_norm,agg_spurious_std_norm,mean_spurious_ref_count_norm,mean_spurious_residual_count_norm,mean_spectral_gap_norm,composite_score,used_metrics,admissible,constraint_violations,rank
rbf(gamma=0.3767),1.507,Reduced Rank,3.0,1.0,0.004072201286452502,,30.255235592902423,0.00013459492899826566,0.31798088172666567,,3.0,4.0,0.039794940349456076,0.000615638196371572,5.0,-0.3356370826919828,0.263630677390172,-1.0680791094466981,-0.3372582013901409,0.0,0.0,-0.4200840252083998,-1.6771133027020968,1.269431714258965,-2.561154073620394,"agg_bias_mean, agg_dist_mean, agg_spurious_mean, agg_trunc_mean, agg_bias_std, agg_spurious_std, mean_spurious_ref_count, mean_spurious_residual_count, mean_spectral_gap",True,,1
rbf(gamma=0.4268),1.707,Reduced Rank,3.0,1.0,0.016968847120144244,,34.2338440911939,0.0004956746041999181,0.31430565919486847,,3.0,4.2,0.04677249021989718,0.0009126120800644416,5.0,-0.33543857976086316,0.5139856908629143,-1.1501365927270835,-0.33702329774876844,0.0,0.0,-0.4200840252083998,-0.5204834387696153,-0.280412844518736,-2.0108330041326,"agg_bias_mean, agg_dist_mean, agg_spurious_mean, agg_trunc_mean, agg_bias_std, agg_spurious_std, mean_spurious_ref_count, mean_spurious_residual_count, mean_spectral_gap",True,,2
rbf(gamma=0.4082),1.633,Principal Components (kDMD),3.0,1.0,4.845144963563348e-05,,13.811878853568544,3.507955010995132e-06,0.3397387468453583,,3.0,4.4,0.05069996151890497,0.004303243944217356,5.0,-0.3356990155501073,-0.7710719830452174,-0.5822865791312785,-0.33734348120410135,0.0,0.0,-0.4200840252083998,0.6361464251628661,-1.1527778057938913,-2.008013808666933,"agg_bias_mean, agg_dist_mean, agg_spurious_mean, agg_trunc_mean, agg_bias_std, agg_spurious_std, mean_spurious_ref_count, mean_spurious_residual_count, mean_spectral_gap",True,,3
rbf(gamma=0.4214),1.686,Principal Components (kDMD),3.0,1.0,5.3362892351900395e-05,,13.427252239205707,3.97422282692271e-06,0.33815265359309055,,3.0,4.4,0.050048732535855865,0.004644464517689822,5.0,-0.33569893995403466,-0.7952747165542153,-0.6176996240293926,-0.3373431778693657,0.0,0.0,-0.4200840252083998,0.6361464251628661,-1.0081276471224803,-1.9953042804748993,"agg_bias_mean, agg_dist_mean, agg_spurious_mean, agg_trunc_mean, agg_bias_std, agg_spurious_std, mean_spurious_ref_count, mean_spurious_residual_count, mean_spectral_gap",True,,4
rbf(gamma=0.8164),1.633,Principal Components (kDMD),3.0,1.0,0.0007007002355546321,,10.127861853724578,6.918540612764635e-05,0.3514516986437512,,3.0,4.4,0.05069996151890497,0.004303243944217356,5.0,-0.3356889762501611,-1.002889746975952,-0.320768987190911,-0.3373007541455519,0.0,0.0,-0.4200840252083998,0.6361464251628661,-1.1527778057938913,-1.9782825778280793,"agg_bias_mean, agg_dist_mean, agg_spurious_mean, agg_trunc_mean, agg_bias_std, agg_spurious_std, mean_spurious_ref_count, mean_spurious_residual_count, mean_spectral_gap",True,,5
rbf(gamma=0.8429),1.686,Principal Components (kDMD),3.0,1.0,0.0007897431189392865,,10.119890675896048,7.803870063738212e-05,0.3507101742253599,,3.0,4.4,0.050048732535855865,0.004644464517689822,5.0,-0.3356876057175765,-1.0033913354920152,-0.3373251622354703,-0.3372949945549094,0.0,0.0,-0.4200840252083998,0.6361464251628661,-1.0081276471224803,-1.923011011725091,"agg_bias_mean, agg_dist_mean, agg_spurious_mean, agg_trunc_mean, agg_bias_std, agg_spurious_std, mean_spurious_ref_count, mean_spurious_residual_count, mean_spectral_gap",True,,6
rbf(gamma=0.4834),1.934,Reduced Rank,3.0,1.0,0.010839124577091817,,33.8774089676553,0.0003199514044135001,0.32349874171677084,,3.0,4.2,0.04760753092780625,0.0004092358558832177,5.0,-0.3355329273848451,0.49155691452214456,-0.9448806636480565,-0.33713761606225534,0.0,0.0,-0.4200840252083998,-0.5204834387696153,-0.4658910312090653,-1.9208964515202325,"agg_bias_mean, agg_dist_mean, agg_spurious_mean, agg_trunc_mean, agg_bias_std, agg_spurious_std, mean_spurious_ref_count, mean_spurious_residual_count, mean_spectral_gap",True,,7
rbf(gamma=0.4374),1.75,Reduced Rank,3.0,1.0,0.015823465019439778,,33.59943526498309,0.00047094437435175575,0.3362521938878754,,3.0,4.2,0.04928013034703645,0.0006495079127645377,5.0,-0.3354562092830795,0.47406534426398694,-0.6601315962804656,-0.3370393862229814,0.0,0.0,-0.4200840252083998,-0.5204834387696153,-0.8374067003252771,-1.8392709559475027,"agg_bias_mean, agg_dist_mean, agg_spurious_mean, agg_trunc_mean, agg_bias_std, agg_spurious_std, mean_spurious_ref_count, mean_spurious_residual_count, mean_spectral_gap",True,,8
rbf(gamma=0.4212),1.685,Reduced Rank,3.0,1.0,0.03572385991823798,,38.315518843591434,0.0009323600722742939,0.3304362667333886,,3.0,4.0,0.03980830484061837,0.0009506507097505917,5.0,-0.33514990586366405,0.7708261761900467,-0.789985051713508,-0.33673920807651603,0.0,0.0,-0.4200840252083998,-1.6771133027020968,1.2664632103724562,-1.776602095545452,"agg_bias_mean, agg_dist_mean, agg_spurious_mean, agg_trunc_mean, agg_bias_std, agg_spurious_std, mean_spurious_ref_count, mean_spurious_residual_count, mean_spectral_gap",True,,9
rbf(gamma=0.3991),1.596,Principal Components (kDMD),3.0,1.0,4.512741028371033e-05,,14.397257559240472,3.1344448828552483e-06,0.3308773357194632,,3.0,4.4,0.04684209985718109,0.004147144508263025,5.0,-0.3356990667131432,-0.7342368700130892,-0.78013720967478,-0.33734372419448605,0.0,0.0,-0.4200840252083998,0.6361464251628661,-0.29587444917741246,-1.7405778205282956,"agg_bias_mean, agg_dist_mean, agg_spurious_mean, agg_trunc_mean, agg_bias_std, agg_spurious_std, mean_spurious_ref_count, mean_spurious_residual_count, mean_spectral_gap",True,,10
rbf(gamma=0.7981),1.596,Principal Components (kDMD),3.0,1.0,0.0006590377316019668,,10.40323696736599,6.334929538462964e-05,0.3434911524101517,,3.0,4.4,0.04684209985718109,0.004147144508263025,5.0,-0.3356896175121806,-0.9855616936338452,-0.4985058136863931,-0.33730455088006545,0.0,0.0,-0.4200840252083998,0.6361464251628661,-0.29587444917741246,-1.7102422123024916,"agg_bias_mean, agg_dist_mean, agg_spurious_mean, agg_trunc_mean, agg_bias_std, agg_spurious_std, mean_spurious_ref_count, mean_spurious_residual_count, mean_spectral_gap",True,,11
rbf(gamma=0.7533),1.507,Reduced Rank,3.0,1.0,0.39832391098851333,,43.01809682484384,0.00925944986851378,0.3199314553840896,,3.0,4.0,0.039794940349456076,0.000615638196371572,5.0,-0.3295688289007271,1.0667371647576922,-1.0245282322150662,-0.331321944659296,0.0,0.0,-0.4200840252083998,-1.6771133027020968,1.269431714258965,-1.7054603268645634,"agg_bias_mean, agg_dist_mean, agg_spurious_mean, agg_trunc_mean, agg_bias_std, agg_spurious_std, mean_spurious_ref_count, mean_spurious_residual_count, mean_spectral_gap",True,,12
rbf(gamma=1.507),1.507,Reduced Rank,3.0,1.0,7.071343110674045,,41.27604096907572,0.17131834702780582,0.32714006876082374,,3.0,4.0,0.039794940349456076,0.000615638196371572,5.0,-0.22685887720967457,0.9571178299001953,-0.8635799722067486,-0.22589306656403224,0.0,0.0,-0.4200840252083998,-1.6771133027020968,1.269431714258965,-1.4987070109750582,"agg_bias_mean, agg_dist_mean, agg_spurious_mean, agg_trunc_mean, agg_bias_std, agg_spurious_std, mean_spurious_ref_count, mean_spurious_residual_count, mean_spectral_gap",True,,13
rbf(gamma=1.685),1.685,Reduced Rank,3.0,1.0,2.8382602643529427,,37.84405531064856,0.07499884040055067,0.34161959144114523,,3.0,4.0,0.03980830484061837,0.0009506507097505917,5.0,-0.29201375263253454,0.7411592061444874,-0.5402925576437371,-0.288554590864172,0.0,0.0,-0.4200840252083998,-1.6771133027020968,1.2664632103724562,-1.489348109683939,"agg_bias_mean, agg_dist_mean, agg_spurious_mean, agg_trunc_mean, agg_bias_std, agg_spurious_std, mean_spurious_ref_count, mean_spurious_residual_count, mean_spectral_gap",True,,14
rbf(gamma=1.633),1.633,Principal Components (kDMD),3.0,1.0,0.00851202080662923,,9.326803878546578,0.0009126406985150075,0.3760904048570052,,3.0,4.4,0.05069996151890497,0.004303243944217356,5.0,-0.33556874576160856,-1.0532965362476927,0.22934470134150917,-0.33675203669307835,0.0,0.0,-0.4200840252083998,0.6361464251628661,-1.1527778057938913,-1.4781810893526108,"agg_bias_mean, agg_dist_mean, agg_spurious_mean, agg_trunc_mean, agg_bias_std, agg_spurious_std, mean_spurious_ref_count, mean_spurious_residual_count, mean_spectral_gap",True,,15
rbf(gamma=1.583),1.583,Reduced Rank,3.0,1.0,2.4206618815240857,,39.33348318590618,0.061542016761725486,0.3417233480114202,,3.0,4.0,0.04045574743094225,0.001756687015116524,5.0,-0.2984413543586969,0.8348818571509707,-0.537975962401706,-0.2973090489274812,0.0,0.0,-0.4200840252083998,-1.6771133027020968,1.1226540804678113,-1.4760182591455637,"agg_bias_mean, agg_dist_mean, agg_spurious_mean, agg_trunc_mean, agg_bias_std, agg_spurious_std, mean_spurious_ref_count, mean_spurious_residual_count, mean_spectral_gap",True,,16
rbf(gamma=0.7533),1.507,Principal Components (kDMD),3.0,1.0,0.0006904876803715163,,11.027480611645743,6.261517972131512e-05,0.33345452420900445,,3.0,4.4,0.04266109950393593,0.0038230389411578903,5.0,-0.3356891334400354,-0.9462809938512344,-0.7225957684256376,-0.3373050284656355,0.0,0.0,-0.4200840252083998,0.6361464251628661,0.632804065207038,-1.43071196478754,"agg_bias_mean, agg_dist_mean, agg_spurious_mean, agg_trunc_mean, agg_bias_std, agg_spurious_std, mean_spurious_ref_count, mean_spurious_residual_count, mean_spectral_gap",True,,17
rbf(gamma=0.7917),1.583,Principal Components (kDMD),3.0,1.0,0.0005980507893312443,,10.545184045025161,5.6713167525358004e-05,0.35156658436410504,,3.0,4.4,0.04588468938772132,0.00396801995859047,5.0,-0.33569055621259597,-0.9766296354645031,-0.3182039090233911,-0.33730886807293403,0.0,0.0,-0.4200840252083998,0.6361464251628661,-0.08321564570615576,-1.4146819450313686,"agg_bias_mean, agg_dist_mean, agg_spurious_mean, agg_trunc_mean, agg_bias_std, agg_spurious_std, mean_spurious_ref_count, mean_spurious_residual_count, mean_spectral_gap",True,,18
rbf(gamma=3.37),1.685,Reduced Rank,3.0,1.0,9.357276483149839,,31.327426309959264,0.2986927936743746,0.35608260568138833,,3.0,4.0,0.03980830484061837,0.0009506507097505917,5.0,-0.19167418805622238,0.33109856761595946,-0.2173737305700537,-0.1430284707698679,0.0,0.0,-0.4200840252083998,-1.6771133027020968,1.2664632103724562,-1.4033872965153193,"agg_bias_mean, agg_dist_mean, agg_spurious_mean, agg_trunc_mean, agg_bias_std, agg_spurious_std, mean_spurious_ref_count, mean_spurious_residual_count, mean_spectral_gap",True,,19
rbf(gamma=1.686),1.686,Principal Components (kDMD),3.0,1.0,0.009565605994455304,,9.405425641928517,0.0010170306330223608,0.3762411269010802,,3.0,4.4,0.050048732535855865,0.004644464517689822,5.0,-0.3355525291615201,-1.048349240569018,0.23270990481005208,-0.3366841248790869,0.0,0.0,-0.4200840252083998,0.6361464251628661,-1.0081276471224803,-1.3974933383626036,"agg_bias_mean, agg_dist_mean, agg_spurious_mean, agg_trunc_mean, agg_bias_std, agg_spurious_std, mean_spurious_ref_count, mean_spurious_residual_count, mean_spectral_gap",True,,20
rbf(gamma=0.3959),1.583,Principal Components (kDMD),3.0,1.0,4.1878951988657353e-05,,15.357069485893746,2.727014553598609e-06,0.33938126611072156,,3.0,4.4,0.04588468938772132,0.00396801995859047,5.0,-0.3356991167128487,-0.673840445501412,-0.5902681283168653,-0.33734398925196374,0.0,0.0,-0.4200840252083998,0.6361464251628661,-0.08321564570615576,-1.3839830954515193,"agg_bias_mean, agg_dist_mean, agg_spurious_mean, agg_trunc_mean, agg_bias_std, agg_spurious_std, mean_spurious_ref_count, mean_spurious_residual_count, mean_spectral_gap",True,,21
rbf(gamma=0.7952),1.59,Principal Components (kDMD),3.0,1.0,0.0006440846837325122,,10.735519532502451,5.999566968161213e-05,0.3286079764512796,,3.0,4.4,0.040930883345472145,0.003495017837001824,5.0,-0.33568984766689447,-0.964652723548646,-0.8308056817455318,-0.3373067326115323,0.0,0.0,-0.4200840252083998,0.6361464251628661,1.017117491623986,-1.365138460896179,"agg_bias_mean, agg_dist_mean, agg_spurious_mean, agg_trunc_mean, agg_bias_std, agg_spurious_std, mean_spurious_ref_count, mean_spurious_residual_count, mean_spectral_gap",True,,22
rbf(gamma=0.3767),1.507,Principal Components (kDMD),3.0,1.0,4.9248543082518504e-05,,16.082571098995647,3.0622307079739297e-06,0.3224301383425572,,3.0,4.4,0.04266109950393593,0.0038230389411578903,5.0,-0.33569900328138347,-0.6281880607039078,-0.9687396008292077,-0.3373437711740692,0.0,0.0,-0.4200840252083998,0.6361464251628661,0.632804065207038,-1.3587921052393483,"agg_bias_mean, agg_dist_mean, agg_spurious_mean, agg_trunc_mean, agg_bias_std, agg_spurious_std, mean_spurious_ref_count, mean_spurious_residual_count, mean_spectral_gap",True,,23
rbf(gamma=0.8424),1.685,Reduced Rank,3.0,1.0,0.82878426613633,,43.74357561584064,0.018946422519612382,0.33336439462953565,,3.0,4.0,0.03980830484061837,0.0009506507097505917,5.0,-0.3229432579321572,1.112388113468074,-0.7246081109154712,-0.32501999717818375,0.0,0.0,-0.4200840252083998,-1.6771133027020968,1.2664632103724562,-1.3515969640887149,"agg_bias_mean, agg_dist_mean, agg_spurious_mean, agg_trunc_mean, agg_bias_std, agg_spurious_std, mean_spurious_ref_count, mean_spurious_residual_count, mean_spectral_gap",True,,24
rbf(gamma=0.3959),1.583,Reduced Rank,3.0,1.0,0.0031570601722386883,,45.260371034694,6.975329852728488e-05,0.3332439984967076,,3.0,4.0,0.04045574743094225,0.001756687015116524,5.0,-0.335651168384953,1.2078328745410714,-0.7272962212465018,-0.33730038469802615,0.0,0.0,-0.4200840252083998,-1.6771133027020968,1.1226540804678113,-1.3495929825117876,"agg_bias_mean, agg_dist_mean, agg_spurious_mean, agg_trunc_mean, agg_bias_std, agg_spurious_std, mean_spurious_ref_count, mean_spurious_residual_count, mean_spectral_gap",True,,25
rbf(gamma=0.4214),1.686,Reduced Rank,3.0,1.0,0.08702155576166956,,35.88988133793325,0.002424682181094132,0.3325729029414818,,3.0,4.2,0.04526589503050711,0.0010037624423999162,5.0,-0.334360340645241,0.6181922815332029,-0.7422799159278562,-0.33576836446072245,0.0,0.0,-0.4200840252083998,-0.5204834387696153,0.05423017486669793,-1.329742521210722,"agg_bias_mean, agg_dist_mean, agg_spurious_mean, agg_trunc_mean, agg_bias_std, agg_spurious_std, mean_spurious_ref_count, mean_spurious_residual_count, mean_spectral_gap",True,,26
rbf(gamma=0.8537),1.707,Reduced Rank,3.0,1.0,0.6193620768486614,,43.676122535442715,0.014180793552496688,0.31813893373725877,,3.0,4.2,0.04677249021989718,0.0009126120800644416,5.0,-0.3261666478702208,1.1081436101802906,-1.0645502482404807,-0.3281203201115642,0.0,0.0,-0.4200840252083998,-0.5204834387696153,-0.280412844518736,-1.3173653196193762,"agg_bias_mean, agg_dist_mean, agg_spurious_mean, agg_trunc_mean, agg_bias_std, agg_spurious_std, mean_spurious_ref_count, mean_spurious_residual_count, mean_spectral_gap",True,,27
rbf(gamma=0.3976),1.59,Principal Components (kDMD),3.0,1.0,4.66225064788591e-05,,15.78256278648021,2.95405170311106e-06,0.3169274126275238,,3.0,4.4,0.040930883345472145,0.003495017837001824,5.0,-0.3356990437008825,-0.64706616473299,-1.0916001404159348,-0.33734384155089714,0.0,0.0,-0.4200840252083998,0.6361464251628661,1.017117491623986,-1.3083741112545964,"agg_bias_mean, agg_dist_mean, agg_spurious_mean, agg_trunc_mean, agg_bias_std, agg_spurious_std, mean_spurious_ref_count, mean_spurious_residual_count, mean_spectral_gap",True,,28
rbf(gamma=1.75),1.75,Reduced Rank,3.0,1.0,4.168892027248599,,36.484825647815846,0.1142637234309538,0.34828102794532656,,3.0,4.2,0.04928013034703645,0.0006495079127645377,5.0,-0.27153289981376344,0.6556293127917828,-0.3915612332583512,-0.2630104668512325,0.0,0.0,-0.4200840252083998,-0.5204834387696153,-0.8374067003252771,-1.2881988552424017,"agg_bias_mean, agg_dist_mean, agg_spurious_mean, agg_trunc_mean, agg_bias_std, agg_spurious_std, mean_spurious_ref_count, mean_spurious_residual_count, mean_spectral_gap",True,,29
rbf(gamma=0.8424),1.685,Principal Components (kDMD),3.0,1.0,0.0008757590802872541,,10.539218490551775,8.309525806608494e-05,0.34931473522984124,,3.0,4.4,0.043875041650395886,0.004002981034362787,5.0,-0.33568628177484977,-0.9770050195896811,-0.36848142857115107,-0.3372917049658398,0.0,0.0,-0.4200840252083998,0.6361464251628661,0.3631647698532163,-1.2421317849333275,"agg_bias_mean, agg_dist_mean, agg_spurious_mean, agg_trunc_mean, agg_bias_std, agg_spurious_std, mean_spurious_ref_count, mean_spurious_residual_count, mean_spectral_gap",True,,30
rbf(gamma=3.013),1.507,Reduced Rank,3.0,1.0,13.476125654271705,,38.54601041756668,0.3496114256257814,0.3394289816861288,,3.0,4.0,0.039794940349456076,0.000615638196371572,5.0,-0.1282775775071931,0.7853299206858183,-0.589202772410572,-0.10990289522367726,0.0,0.0,-0.4200840252083998,-1.6771133027020968,1.269431714258965,-1.2395413350205997,"agg_bias_mean, agg_dist_mean, agg_spurious_mean, agg_trunc_mean, agg_bias_std, agg_spurious_std, mean_spurious_ref_count, mean_spurious_residual_count, mean_spectral_gap",True,,31
rbf(gamma=0.4212),1.685,Principal Components (kDMD),3.0,1.0,6.640299279442316e-05,,15.222946647322914,4.362032813542094e-06,0.33704096015670293,,3.0,4.4,0.043875041650395886,0.004002981034362787,5.0,-0.33569873924307514,-0.6822801613145719,-0.6425206422888455,-0.33734292557607903,0.0,0.0,-0.4200840252083998,0.6361464251628661,0.3631647698532163,-1.2214842081492574,"agg_bias_mean, agg_dist_mean, agg_spurious_mean, agg_trunc_mean, agg_bias_std, agg_spurious_std, mean_spurious_ref_count, mean_spurious_residual_count, mean_spectral_gap",True,,32
rbf(gamma=1.596),1.596,Principal Components (kDMD),3.0,1.0,0.008062601462200475,,9.327257531194538,0.0008644128711183877,0.3698501046283815,,3.0,4.4,0.04684209985718109,0.004147144508263025,5.0,-0.3355756631460449,-1.0532679900323911,0.09001617708355912,-0.3367834117414375,0.0,0.0,-0.4200840252083998,0.6361464251628661,-0.29587444917741246,-1.1890519939956359,"agg_bias_mean, agg_dist_mean, agg_spurious_mean, agg_trunc_mean, agg_bias_std, agg_spurious_std, mean_spurious_ref_count, mean_spurious_residual_count, mean_spectral_gap",True,,33
rbf(gamma=0.9668),1.934,Reduced Rank,3.0,1.0,1.1594236451846114,,44.44734892600715,0.026085327318728032,0.32595249365864154,,3.0,4.2,0.04760753092780625,0.0004092358558832177,5.0,-0.31785411407793174,1.1566732389394934,-0.8900952167255248,-0.32037571823396843,0.0,0.0,-0.4200840252083998,-0.5204834387696153,-0.4658910312090653,-1.1749349179592954,"agg_bias_mean, agg_dist_mean, agg_spurious_mean, agg_trunc_mean, agg_bias_std, agg_spurious_std, mean_spurious_ref_count, mean_spurious_residual_count, mean_spectral_gap",True,,34
rbf(gamma=1.934),1.934,Reduced Rank,3.0,1.0,2.3835557952682116,,39.25296685065476,0.060722946225616393,0.33951107105506617,,3.0,4.2,0.04760753092780625,0.0004092358558832177,5.0,-0.2990124847889772,0.8298153450261154,-0.5873699454291311,-0.29784190265669047,0.0,0.0,-0.4200840252083998,-0.5204834387696153,-0.4658910312090653,-1.168959003498686,"agg_bias_mean, agg_dist_mean, agg_spurious_mean, agg_trunc_mean, agg_bias_std, agg_spurious_std, mean_spurious_ref_count, mean_spurious_residual_count, mean_spectral_gap",True,,35
rbf(gamma=0.3991),1.596,Reduced Rank,3.0,1.0,0.003918316195761826,,36.909810469075765,0.00010615920661648256,0.32383278767615215,,3.0,4.2,0.04193479696533835,0.001649940514268489,5.0,-0.3356394512645521,0.6823715973613573,-0.9374223477257803,-0.3372767005059629,0.0,0.0,-0.4200840252083998,-0.5204834387696153,0.7941294671565811,-1.092789269677481,"agg_bias_mean, agg_dist_mean, agg_spurious_mean, agg_trunc_mean, agg_bias_std, agg_spurious_std, mean_spurious_ref_count, mean_spurious_residual_count, mean_spectral_gap",True,,36
rbf(gamma=0.7917),1.583,Reduced Rank,3.0,1.0,0.2943522151217328,,48.97197554653725,0.006010625706574054,0.33548970222945484,,3.0,4.0,0.04045574743094225,0.001756687015116524,5.0,-0.33116914317229657,1.4413865901094767,-0.6771559113990615,-0.3334354965378172,0.0,0.0,-0.4200840252083998,-1.6771133027020968,1.1226540804678113,-1.059484487803181,"agg_bias_mean, agg_dist_mean, agg_spurious_mean, agg_trunc_mean, agg_bias_std, agg_spurious_std, mean_spurious_ref_count, mean_spurious_residual_count, mean_spectral_gap",True,,37
rbf(gamma=1.507),1.507,Principal Components (kDMD),3.0,1.0,0.008173914969916499,,9.450386102715862,0.0008649292082963118,0.3567682413765035,,3.0,4.4,0.04266109950393593,0.0038230389411578903,5.0,-0.33557394982788147,-1.0455200914403742,-0.20206539506068397,-0.3367830758336266,0.0,0.0,-0.4200840252083998,0.6361464251628661,0.632804065207038,-1.0090445290835675,"agg_bias_mean, agg_dist_mean, agg_spurious_mean, agg_trunc_mean, agg_bias_std, agg_spurious_std, mean_spurious_ref_count, mean_spurious_residual_count, mean_spectral_gap",True,,38
rbf(gamma=1.707),1.707,Reduced Rank,3.0,1.0,7.603510175924727,,42.248397840706616,0.17997156258073987,0.32879269804477584,,3.0,4.2,0.04677249021989718,0.0009126120800644416,5.0,-0.21866785423673862,1.0183036484601273,-0.8266813630304872,-0.22026363909257657,0.0,0.0,-0.4200840252083998,-0.5204834387696153,-0.280412844518736,-1.0079092619865702,"agg_bias_mean, agg_dist_mean, agg_spurious_mean, agg_trunc_mean, agg_bias_std, agg_spurious_std, mean_spurious_ref_count, mean_spurious_residual_count, mean_spectral_gap",True,,39
rbf(gamma=1.583),1.583,Principal Components (kDMD),3.0,1.0,0.007486388400451616,,9.302253781524197,0.0008047929648319005,0.3770222611751435,,3.0,4.4,0.04588468938772132,0.00396801995859047,5.0,-0.3355845321173404,-1.0548413577282265,0.2501504576144397,-0.33682219800952956,0.0,0.0,-0.4200840252083998,0.6361464251628661,-0.08321564570615576,-0.9241899415303036,"agg_bias_mean, agg_dist_mean, agg_spurious_mean, agg_trunc_mean, agg_bias_std, agg_spurious_std, mean_spurious_ref_count, mean_spurious_residual_count, mean_spectral_gap",True,,40
rbf(gamma=3.167),1.583,Reduced Rank,3.0,1.0,13.445095625579624,,40.96300953724534,0.32822528855832145,0.3510240640725699,,3.0,4.0,0.04045574743094225,0.001756687015116524,5.0,-0.12875518631552468,0.9374202425736361,-0.33031687616123223,-0.12381583969841113,0.0,0.0,-0.4200840252083998,-1.6771133027020968,1.1226540804678113,-0.9093880148247173,"agg_bias_mean, agg_dist_mean, agg_spurious_mean, agg_trunc_mean, agg_bias_std, agg_spurious_std, mean_spurious_ref_count, mean_spurious_residual_count, mean_spectral_gap",True,,41
rbf(gamma=1.59),1.59,Principal Components (kDMD),3.0,1.0,0.007716355172141708,,9.33835903254985,0.0008263073999666885,0.35409130756579854,,3.0,4.4,0.040930883345472145,0.003495017837001824,5.0,-0.3355809925087608,-1.0525694250636164,-0.2618338715309246,-0.3368082015995893,0.0,0.0,-0.4200840252083998,0.6361464251628661,1.017117491623986,-0.883725231532437,"agg_bias_mean, agg_dist_mean, agg_spurious_mean, agg_trunc_mean, agg_bias_std, agg_spurious_std, mean_spurious_ref_count, mean_spurious_residual_count, mean_spectral_gap",True,,42
rbf(gamma=0.8429),1.686,Reduced Rank,3.0,1.0,0.7795155440853136,,42.873466525463726,0.018181770854062803,0.3359146659633322,,3.0,4.2,0.04526589503050711,0.0010037624423999162,5.0,-0.3237015935386213,1.0576362641374317,-0.6676676547871936,-0.32551744822003137,0.0,0.0,-0.4200840252083998,-0.5204834387696153,0.05423017486669793,-0.7999020722388652,"agg_bias_mean, agg_dist_mean, agg_spurious_mean, agg_trunc_mean, agg_bias_std, agg_spurious_std, mean_spurious_ref_count, mean_spurious_residual_count, mean_spectral_gap",True,,43
rbf(gamma=0.4374),1.75,Principal Components (kDMD),3.0,1.0,6.471577146819065e-05,,13.921782574314154,4.6485262302251415e-06,0.34173545941927774,,3.2,4.4,0.052773892869389646,0.004121827241355676,5.0,-0.33569876521249253,-0.7641562617572878,-0.5377055483957035,-0.3373427391952012,0.0,0.0,2.3804761428476198,0.6361464251628661,-1.6134368162645638,-0.7865658565086903,"agg_bias_mean, agg_dist_mean, agg_spurious_mean, agg_trunc_mean, agg_bias_std, agg_spurious_std, mean_spurious_ref_count, mean_spurious_residual_count, mean_spectral_gap",True,,44
rbf(gamma=0.3976),1.59,Reduced Rank,3.0,1.0,0.006840767271124601,,37.98075165925881,0.00018011142413652006,0.311431080721598,,3.0,4.2,0.036934837487608375,0.0009021552983676031,5.0,-0.3355944694055482,0.7497608607713978,-1.2143179240526734,-0.33722859022345164,0.0,0.0,-0.4200840252083998,-0.5204834387696153,1.9047141472455695,-0.7469342055495801,"agg_bias_mean, agg_dist_mean, agg_spurious_mean, agg_trunc_mean, agg_bias_std, agg_spurious_std, mean_spurious_ref_count, mean_spurious_residual_count, mean_spectral_gap",True,,45
rbf(gamma=0.8749),1.75,Reduced Rank,3.0,1.0,0.9274660261872171,,49.45246756315768,0.018754696618580535,0.33963397002705703,,3.0,4.2,0.04928013034703645,0.0006495079127645377,5.0,-0.3214243654332278,1.471621679926987,-0.5846259536702471,-0.3251447261933869,0.0,0.0,-0.4200840252083998,-0.5204834387696153,-0.8374067003252771,-0.7462298038096351,"agg_bias_mean, agg_dist_mean, agg_spurious_mean, agg_trunc_mean, agg_bias_std, agg_spurious_std, mean_spurious_ref_count, mean_spurious_residual_count, mean_spectral_gap",True,,46
rbf(gamma=0.8749),1.75,Principal Components (kDMD),3.0,1.0,0.0009079391068767181,,10.149618516145637,8.945549090661902e-05,0.35435904428559195,,3.2,4.4,0.052773892869389646,0.004121827241355676,5.0,-0.33568578646547365,-1.0015207031215778,-0.2558560562509204,-0.3372875672589655,0.0,0.0,2.3804761428476198,0.6361464251628661,-1.6134368162645638,-0.7420402410130605,"agg_bias_mean, agg_dist_mean, agg_spurious_mean, agg_trunc_mean, agg_bias_std, agg_spurious_std, mean_spurious_ref_count, mean_spurious_residual_count, mean_spectral_gap",True,,47
rbf(gamma=1.685),1.685,Principal Components (kDMD),3.0,1.0,0.009747628505343147,,9.34449934983391,0.0010431407976411707,0.37556961784286436,,3.0,4.4,0.043875041650395886,0.004002981034362787,5.0,-0.33554972750266965,-1.052183043941413,0.2177169777585769,-0.3366671386758553,0.0,0.0,-0.4200840252083998,0.6361464251628661,0.3631647698532163,-0.7306625655381588,"agg_bias_mean, agg_dist_mean, agg_spurious_mean, agg_trunc_mean, agg_bias_std, agg_spurious_std, mean_spurious_ref_count, mean_spurious_residual_count, mean_spectral_gap",True,,48
rbf(gamma=0.4082),1.633,Reduced Rank,3.0,1.0,0.02450966346112835,,45.94665593431184,0.0005334373734656308,0.33513345018330676,,3.0,4.2,0.045453575456505524,0.0014581052358916278,5.0,-0.33532251282640413,1.2510175370590713,-0.6851100273927139,-0.3369987308384214,0.0,0.0,-0.4200840252083998,-0.5204834387696153,0.012542835840293719,-0.6621684020329258,"agg_bias_mean, agg_dist_mean, agg_spurious_mean, agg_trunc_mean, agg_bias_std, agg_spurious_std, mean_spurious_ref_count, mean_spurious_residual_count, mean_spectral_gap",True,,49
rbf(gamma=3.499),1.75,Reduced Rank,3.0,1.0,14.351713617173028,,37.07340721324627,0.3871161216615986,0.36423638870859876,,3.0,4.2,0.04928013034703645,0.0006495079127645377,5.0,-0.11480067976724655,0.6926659666385786,-0.035322464656632226,-0.08550387674539203,0.0,0.0,-0.4200840252083998,-0.5204834387696153,-0.8374067003252771,-0.64943791769445,"agg_bias_mean, agg_dist_mean, agg_spurious_mean, agg_trunc_mean, agg_bias_std, agg_spurious_std, mean_spurious_ref_count, mean_spurious_residual_count, mean_spectral_gap",True,,50
rbf(gamma=0.8164),1.633,Reduced Rank,3.0,1.0,0.08097230683318302,,45.70460743532392,0.0017716442909561367,0.3383559187290492,,3.0,4.2,0.045453575456505524,0.0014581052358916278,5.0,-0.3344534496333346,1.2357865699379784,-0.6131612796567445,-0.3361932041536847,0.0,0.0,-0.4200840252083998,-0.5204834387696153,0.012542835840293719,-0.6041787948826115,"agg_bias_mean, agg_dist_mean, agg_spurious_mean, agg_trunc_mean, agg_bias_std, agg_spurious_std, mean_spurious_ref_count, mean_spurious_residual_count, mean_spectral_gap",True,,51
rbf(gamma=3.265),1.633,Principal Components (kDMD),3.0,1.0,0.0621761390210361,,9.25608122932474,0.0067173285843745816,0.41872269841389986,,3.0,4.4,0.05069996151890497,0.004303243944217356,5.0,-0.33474275698135686,-1.0577467780360879,1.1812050813546582,-0.3329757446028156,0.0,0.0,-0.4200840252083998,0.6361464251628661,-1.1527778057938913,-0.5280568163024738,"agg_bias_mean, agg_dist_mean, agg_spurious_mean, agg_trunc_mean, agg_bias_std, agg_spurious_std, mean_spurious_ref_count, mean_spurious_residual_count, mean_spectral_gap",True,,52
rbf(gamma=1.633),1.633,Reduced Rank,3.0,1.0,5.006645304809183,,42.83066908901591,0.11689393164519013,0.34650117532392655,,3.0,4.2,0.045453575456505524,0.0014581052358916278,5.0,-0.25863834697457433,1.0549432238990941,-0.4313003852303714,-0.2612993611603718,0.0,0.0,-0.4200840252083998,-0.5204834387696153,0.012542835840293719,-0.4898992223397059,"agg_bias_mean, agg_dist_mean, agg_spurious_mean, agg_trunc_mean, agg_bias_std, agg_spurious_std, mean_spurious_ref_count, mean_spurious_residual_count, mean_spectral_gap",True,,53
rbf(gamma=3.372),1.686,Principal Components (kDMD),3.0,1.0,0.06821605531546802,,9.351913894003438,0.00729434168114069,0.41810658236384024,,3.0,4.4,0.050048732535855865,0.004644464517689822,5.0,-0.3346497916395445,-1.0517164817485625,1.167448925900359,-0.3326003635252896,0.0,0.0,-0.4200840252083998,0.6361464251628661,-1.0081276471224803,-0.46317694025296674,"agg_bias_mean, agg_dist_mean, agg_spurious_mean, agg_trunc_mean, agg_bias_std, agg_spurious_std, mean_spurious_ref_count, mean_spurious_residual_count, mean_spectral_gap",True,,54
rbf(gamma=0.7952),1.59,Reduced Rank,3.0,1.0,0.14340588242325025,,42.458356788463036,0.003377565531745145,0.313568746794376,,3.0,4.2,0.036934837487608375,0.0009021552983676031,5.0,-0.333492482889367,1.0315153719098846,-1.1665897942568826,-0.33514845759737977,0.0,0.0,-0.4200840252083998,-0.5204834387696153,1.9047141472455695,-0.41430951178608544,"agg_bias_mean, agg_dist_mean, agg_spurious_mean, agg_trunc_mean, agg_bias_std, agg_spurious_std, mean_spurious_ref_count, mean_spurious_residual_count, mean_spectral_gap",True,,55
rbf(gamma=1.596),1.596,Reduced Rank,3.0,1.0,2.606017558424061,,44.912972131529784,0.05802371641743534,0.33225813742894295,,3.0,4.2,0.04193479696533835,0.001649940514268489,5.0,-0.2955883919963294,1.1859727048059887,-0.7493077531700728,-0.2995979109683977,0.0,0.0,-0.4200840252083998,-0.5204834387696153,0.7941294671565811,-0.3421831136401371,"agg_bias_mean, agg_dist_mean, agg_spurious_mean, agg_trunc_mean, agg_bias_std, agg_spurious_std, mean_spurious_ref_count, mean_spurious_residual_count, mean_spectral_gap",True,,56
rbf(gamma=1.59),1.59,Reduced Rank,3.0,1.0,2.000155817141814,,40.75648715031399,0.04907576577355747,0.3213141940032783,,3.0,4.2,0.036934837487608375,0.0009021552983676031,5.0,-0.3049137106139484,0.92442476564123,-0.9936555299110413,-0.30541908101319054,0.0,0.0,-0.4200840252083998,-0.5204834387696153,1.9047141472455695,-0.30502239314138546,"agg_bias_mean, agg_dist_mean, agg_spurious_mean, agg_trunc_mean, agg_bias_std, agg_spurious_std, mean_spurious_ref_count, mean_spurious_residual_count, mean_spectral_gap",True,,57
rbf(gamma=3.193),1.596,Principal Components (kDMD),3.0,1.0,0.06098677965797757,,9.27409285880261,0.006576037202397782,0.4135729640591773,,3.0,4.4,0.04684209985718109,0.004147144508263025,5.0,-0.33476106339395173,-1.0566133913903462,1.0662258557281676,-0.3330676629864864,0.0,0.0,-0.4200840252083998,0.6361464251628661,-0.29587444917741246,-0.2135152425794135,"agg_bias_mean, agg_dist_mean, agg_spurious_mean, agg_trunc_mean, agg_bias_std, agg_spurious_std, mean_spurious_ref_count, mean_spurious_residual_count, mean_spectral_gap",True,,58
rbf(gamma=1.75),1.75,Principal Components (kDMD),3.0,1.0,0.010707812155524687,,9.45459197377593,0.0011325514824145554,0.38093142210107167,,3.2,4.4,0.052773892869389646,0.004121827241355676,5.0,-0.3355349485228146,-1.0452554358688695,0.33743113369443417,-0.33660897174796284,0.0,0.0,2.3804761428476198,0.6361464251628661,-1.6134368162645638,-0.19199764811683717,"agg_bias_mean, agg_dist_mean, agg_spurious_mean, agg_trunc_mean, agg_bias_std, agg_spurious_std, mean_spurious_ref_count, mean_spurious_residual_count, mean_spectral_gap",True,,59
rbf(gamma=3.415),1.707,Reduced Rank,3.0,1.0,18.47072407842318,,44.439682518931626,0.41563582436833385,0.35095176723944344,,3.0,4.2,0.04677249021989718,0.0009126120800644416,5.0,-0.05140158666859634,1.156190828205312,-0.33193106309118675,-0.06695012676506179,0.0,0.0,-0.4200840252083998,-0.5204834387696153,-0.280412844518736,-0.13134875857018538,"agg_bias_mean, agg_dist_mean, agg_spurious_mean, agg_trunc_mean, agg_bias_std, agg_spurious_std, mean_spurious_ref_count, mean_spurious_residual_count, mean_spectral_gap",True,,60
rbf(gamma=3.013),1.507,Principal Components (kDMD),3.0,1.0,0.06107536053496268,,9.261311931809653,0.0065946769728366765,0.3979958172913007,,3.0,4.4,0.04266109950393593,0.0038230389411578903,5.0,-0.33475969997248933,-1.0574176346706012,0.7184315522806178,-0.3330555367156072,0.0,0.0,-0.4200840252083998,0.6361464251628661,0.632804065207038,-0.09776710555809115,"agg_bias_mean, agg_dist_mean, agg_spurious_mean, agg_trunc_mean, agg_bias_std, agg_spurious_std, mean_spurious_ref_count, mean_spurious_residual_count, mean_spectral_gap",True,,61
rbf(gamma=3.867),1.934,Reduced Rank,3.0,1.0,16.4103865082285,,43.71444112250123,0.3753996639746938,0.3613561577919903,,3.0,4.2,0.04760753092780625,0.0004092358558832177,5.0,-0.08311394444390875,1.1105548176120874,-0.09962999929935025,-0.0931261240322339,0.0,0.0,-0.4200840252083998,-0.5204834387696153,-0.4658910312090653,-0.08222315512563655,"agg_bias_mean, agg_dist_mean, agg_spurious_mean, agg_trunc_mean, agg_bias_std, agg_spurious_std, mean_spurious_ref_count, mean_spurious_residual_count, mean_spectral_gap",True,,62
rbf(gamma=1.686),1.686,Reduced Rank,3.0,1.0,3.1726281106791996,,50.074746440144594,0.06335784674359778,0.3478738227939434,,3.0,4.2,0.04526589503050711,0.0010037624423999162,5.0,-0.2868672208580074,1.5107787461974587,-0.4006529901825149,-0.29612774434528133,0.0,0.0,-0.4200840252083998,-0.5204834387696153,0.05423017486669793,-0.028215700956170528,"agg_bias_mean, agg_dist_mean, agg_spurious_mean, agg_trunc_mean, agg_bias_std, agg_spurious_std, mean_spurious_ref_count, mean_spurious_residual_count, mean_spectral_gap",True,,63
rbf(gamma=0.7981),1.596,Reduced Rank,3.0,1.0,0.19825802657803954,,53.64437271317378,0.003695784227696861,0.3252916405881756,,3.0,4.2,0.04193479696533835,0.001649940514268489,5.0,-0.3326482082203304,1.7353984427724407,-0.9048502252485139,-0.33494143755287,0.0,0.0,-0.4200840252083998,-0.5204834387696153,0.7941294671565811,-0.0030314272683632515,"agg_bias_mean, agg_dist_mean, agg_spurious_mean, agg_trunc_mean, agg_bias_std, agg_spurious_std, mean_spurious_ref_count, mean_spurious_residual_count, mean_spectral_gap",True,,64
rbf(gamma=3.181),1.59,Reduced Rank,3.0,1.0,10.292173783421125,,36.81579107539465,0.2795586753071229,0.33722230158669164,,3.0,4.2,0.036934837487608375,0.0009021552983676031,5.0,-0.1772844113039714,0.676455401640707,-0.6384717932108379,-0.15547634415517472,0.0,0.0,-0.4200840252083998,-0.5204834387696153,1.9047141472455695,0.004792647297279795,"agg_bias_mean, agg_dist_mean, agg_spurious_mean, agg_trunc_mean, agg_bias_std, agg_spurious_std, mean_spurious_ref_count, mean_spurious_residual_count, mean_spectral_gap",True,,65
rbf(gamma=3.167),1.583,Principal Components (kDMD),3.0,1.0,0.058766525702313756,,9.244267161585183,0.006357077816456857,0.41997989905991295,,3.0,4.4,0.04588468938772132,0.00396801995859047,5.0,-0.3347952371569373,-1.0584901814368937,1.2092748703532203,-0.33321010899107373,0.0,0.0,-0.4200840252083998,0.6361464251628661,-0.08321564570615576,0.03388098696944072,"agg_bias_mean, agg_dist_mean, agg_spurious_mean, agg_trunc_mean, agg_bias_std, agg_spurious_std, mean_spurious_ref_count, mean_spurious_residual_count, mean_spectral_gap",True,,66
rbf(gamma=0.4268),1.707,Principal Components (kDMD),3.0,1.0,6.670286111617823e-05,,14.623536346813266,4.561335885810821e-06,0.32009787040918347,,3.2,4.6,0.051259816559447266,0.004422242214764471,5.0,-0.33569873462755406,-0.7199982162386077,-1.0208126481868616,-0.3373427959176667,0.0,0.0,2.3804761428476198,1.7927762890953425,-1.2771320998369227,0.09926731358883445,"agg_bias_mean, agg_dist_mean, agg_spurious_mean, agg_trunc_mean, agg_bias_std, agg_spurious_std, mean_spurious_ref_count, mean_spurious_residual_count, mean_spectral_gap",True,,67
rbf(gamma=3.181),1.59,Principal Components (kDMD),3.0,1.0,0.05857035777371567,,9.221422140766908,0.0063515536844130005,0.3987229884303819,,3.0,4.4,0.040930883345472145,0.003495017837001824,5.0,-0.33479825653959855,-1.0599277105371308,0.734667258573471,-0.33321370276502904,0.0,0.0,-0.4200840252083998,0.6361464251628661,1.017117491623986,0.10799759848488633,"agg_bias_mean, agg_dist_mean, agg_spurious_mean, agg_trunc_mean, agg_bias_std, agg_spurious_std, mean_spurious_ref_count, mean_spurious_residual_count, mean_spectral_gap",True,,68
rbf(gamma=0.4834),1.934,Principal Components (kDMD),3.0,1.0,8.666931691081849e-05,,13.406248169598832,6.464845034523328e-06,0.32838790649856286,,3.2,4.6,0.051916424010114,0.005415540908408405,5.0,-0.3356984273073368,-0.7965964033026526,-0.8357192308733278,-0.3373415575726112,0.0,0.0,2.3804761428476198,1.7927762890953425,-1.4229769169380877,0.1348410617804855,"agg_bias_mean, agg_dist_mean, agg_spurious_mean, agg_trunc_mean, agg_bias_std, agg_spurious_std, mean_spurious_ref_count, mean_spurious_residual_count, mean_spectral_gap",True,,69
rbf(gamma=0.8537),1.707,Principal Components (kDMD),3.0,1.0,0.0009122646824139644,,10.296971843122362,8.859543332861415e-05,0.3340052200978194,,3.2,4.6,0.051259816559447266,0.004422242214764471,5.0,-0.3356857198869668,-0.9922484552549297,-0.7103002629703766,-0.3372881267771848,0.0,0.0,2.3804761428476198,1.7927762890953425,-1.2771320998369227,0.13756980909982564,"agg_bias_mean, agg_dist_mean, agg_spurious_mean, agg_trunc_mean, agg_bias_std, agg_spurious_std, mean_spurious_ref_count, mean_spurious_residual_count, mean_spectral_gap",True,,70
rbf(gamma=3.193),1.596,Reduced Rank,3.0,1.0,13.2646589527554,,41.15096818480611,0.3223413576367085,0.35663593618546047,,3.0,4.2,0.04193479696533835,0.001649940514268489,5.0,-0.13153243622212524,0.9492475911963021,-0.20501940149376147,-0.1276436840607354,0.0,0.0,-0.4200840252083998,-0.5204834387696153,0.7941294671565811,0.215413193654523,"agg_bias_mean, agg_dist_mean, agg_spurious_mean, agg_trunc_mean, agg_bias_std, agg_spurious_std, mean_spurious_ref_count, mean_spurious_residual_count, mean_spectral_gap",True,,71
rbf(gamma=3.37),1.685,Principal Components (kDMD),3.0,1.0,0.06796043839800599,,9.289862844834001,0.0073155480907662815,0.4213236795967328,,3.0,4.4,0.043875041650395886,0.004002981034362787,5.0,-0.3346537260507096,-1.0556210607634324,1.2392777471800227,-0.33258656750412424,0.0,0.0,-0.4200840252083998,0.6361464251628661,0.3631647698532163,0.29039647409909286,"agg_bias_mean, agg_dist_mean, agg_spurious_mean, agg_trunc_mean, agg_bias_std, agg_spurious_std, mean_spurious_ref_count, mean_spurious_residual_count, mean_spectral_gap",True,,72
rbf(gamma=0.9668),1.934,Principal Components (kDMD),3.0,1.0,0.0012469275780042264,,10.356344870696532,0.00012040228416228497,0.34458263809117073,,3.2,4.6,0.051916424010114,0.005415540908408405,5.0,-0.3356805688138453,-0.9885123914716668,-0.4741359783237433,-0.33726743454332464,0.0,0.0,2.3804761428476198,1.7927762890953425,-1.4229769169380877,0.30456324616919084,"agg_bias_mean, agg_dist_mean, agg_spurious_mean, agg_trunc_mean, agg_bias_std, agg_spurious_std, mean_spurious_ref_count, mean_spurious_residual_count, mean_spectral_gap",True,,73
rbf(gamma=6.027),1.507,Reduced Rank,3.0,1.0,71.74761660823398,,38.55365968016049,1.8609807007544585,0.3567448516260731,,3.0,4.0,0.039794940349456076,0.000615638196371572,5.0,0.7686270831491285,0.7858112525988612,-0.20258762304504874,0.8733320265088024,0.0,0.0,-0.4200840252083998,-1.6771133027020968,1.269431714258965,0.5360772677805278,"agg_bias_mean, agg_dist_mean, agg_spurious_mean, agg_trunc_mean, agg_bias_std, agg_spurious_std, mean_spurious_ref_count, mean_spurious_residual_count, mean_spectral_gap",True,,74
rbf(gamma=6.743),1.686,Principal Components (kDMD),3.0,1.0,0.25474658324988186,,9.498985880607314,0.026818292652688383,0.4699855526230456,,3.0,4.4,0.050048732535855865,0.004644464517689822,5.0,-0.3317787461742545,-1.042461937300802,2.3257618437760113,-0.3198988810210988,0.0,0.0,-0.4200840252083998,0.6361464251628661,-1.0081276471224803,0.7136123087878316,"agg_bias_mean, agg_dist_mean, agg_spurious_mean, agg_trunc_mean, agg_bias_std, agg_spurious_std, mean_spurious_ref_count, mean_spurious_residual_count, mean_spectral_gap",True,,75
rbf(gamma=6.531),1.633,Principal Components (kDMD),3.0,1.0,0.24032698766747407,,9.394885430611799,0.025580619310631006,0.4736154168495974,,3.0,4.4,0.05069996151890497,0.004303243944217356,5.0,-0.3320006900832041,-1.0490124862106374,2.406806602427589,-0.32070406058352213,0.0,0.0,-0.4200840252083998,0.6361464251628661,-1.1527778057938913,0.7151569055037071,"agg_bias_mean, agg_dist_mean, agg_spurious_mean, agg_trunc_mean, agg_bias_std, agg_spurious_std, mean_spurious_ref_count, mean_spurious_residual_count, mean_spectral_gap",True,,76
rbf(gamma=1.707),1.707,Principal Components (kDMD),3.0,1.0,0.010597773358464893,,9.3460102954254,0.0011339355536182317,0.36310075918550294,,3.2,4.6,0.051259816559447266,0.004422242214764471,5.0,-0.3355366422208532,-1.0520879672823056,-0.06067790906793381,-0.33660807132795034,0.0,0.0,2.3804761428476198,1.7927762890953425,-1.2771320998369227,0.7278417563656232,"agg_bias_mean, agg_dist_mean, agg_spurious_mean, agg_trunc_mean, agg_bias_std, agg_spurious_std, mean_spurious_ref_count, mean_spurious_residual_count, mean_spectral_gap",True,,77
rbf(gamma=3.499),1.75,Principal Components (kDMD),3.0,1.0,0.07408286970517111,,9.418796408761803,0.007865428499575144,0.4247488513667073,,3.2,4.4,0.052773892869389646,0.004121827241355676,5.0,-0.33455949065216306,-1.0475078814576286,1.3157522933647658,-0.3322288378416158,0.0,0.0,2.3804761428476198,0.6361464251628661,-1.6134368162645638,0.7872365907885605,"agg_bias_mean, agg_dist_mean, agg_spurious_mean, agg_trunc_mean, agg_bias_std, agg_spurious_std, mean_spurious_ref_count, mean_spurious_residual_count, mean_spectral_gap",True,,78
rbf(gamma=1.934),1.934,Principal Components (kDMD),3.0,1.0,0.013763923635429344,,9.653893487666881,0.0014257380872301048,0.377136431638626,,3.2,4.6,0.051916424010114,0.005415540908408405,5.0,-0.33548790938609546,-1.032714334321247,0.252699566088083,-0.33641823655625114,0.0,0.0,2.3804761428476198,1.7927762890953425,-1.4229769169380877,0.9878141061527236,"agg_bias_mean, agg_dist_mean, agg_spurious_mean, agg_trunc_mean, agg_bias_std, agg_spurious_std, mean_spurious_ref_count, mean_spurious_residual_count, mean_spectral_gap",True,,79
rbf(gamma=6.385),1.596,Principal Components (kDMD),3.0,1.0,0.24162743082488225,,9.436580567187614,0.0256054011412838,0.4666294584110558,,3.0,4.4,0.04684209985718109,0.004147144508263025,5.0,-0.33198067388815394,-1.046388808489226,2.250829607073304,-0.32068793853994004,0.0,0.0,-0.4200840252083998,0.6361464251628661,-0.29587444917741246,0.990283343395914,"agg_bias_mean, agg_dist_mean, agg_spurious_mean, agg_trunc_mean, agg_bias_std, agg_spurious_std, mean_spurious_ref_count, mean_spurious_residual_count, mean_spectral_gap",True,,80
rbf(gamma=6.027),1.507,Principal Components (kDMD),3.0,1.0,0.23866675742379168,,9.427098064729536,0.02531709713689491,0.4536814531013444,,3.0,4.4,0.04266109950393593,0.0038230389411578903,5.0,-0.3320262440585519,-1.046985497515469,1.9617367099701652,-0.3208754973118797,0.0,0.0,-0.4200840252083998,0.6361464251628661,0.632804065207038,1.1647936649023896,"agg_bias_mean, agg_dist_mean, agg_spurious_mean, agg_trunc_mean, agg_bias_std, agg_spurious_std, mean_spurious_ref_count, mean_spurious_residual_count, mean_spectral_gap",True,,81
rbf(gamma=6.334),1.583,Principal Components (kDMD),3.0,1.0,0.23810018978163044,,9.429419168481854,0.02525078008807671,0.4718664041896655,,3.0,4.4,0.04588468938772132,0.00396801995859047,5.0,-0.3320349645692256,-1.0468394414354518,2.36775602090284,-0.32091864046648616,0.0,0.0,-0.4200840252083998,0.6361464251628661,-0.08321564570615576,1.2129188843705079,"agg_bias_mean, agg_dist_mean, agg_spurious_mean, agg_trunc_mean, agg_bias_std, agg_spurious_std, mean_spurious_ref_count, mean_spurious_residual_count, mean_spectral_gap",True,,82
rbf(gamma=3.372),1.686,Reduced Rank,3.0,1.0,43.86187731586314,,49.40634419426394,0.8877782404502516,0.369629174077733,,3.0,4.2,0.04526589503050711,0.0010037624423999162,5.0,0.33941463075221817,1.4687193544919108,0.08508341320079545,0.24020638300543368,0.0,0.0,-0.4200840252083998,-0.5204834387696153,0.05423017486669793,1.3099102260071749,"agg_bias_mean, agg_dist_mean, agg_spurious_mean, agg_trunc_mean, agg_bias_std, agg_spurious_std, mean_spurious_ref_count, mean_spurious_residual_count, mean_spectral_gap",True,,83
rbf(gamma=6.361),1.59,Principal Components (kDMD),3.0,1.0,0.23304685072128478,,9.392855974535056,0.024811074645783707,0.4567379914199581,,3.0,4.4,0.040930883345472145,0.003495017837001824,5.0,-0.3321127446857268,-1.0491401902819613,2.029980697866281,-0.32120469481022124,0.0,0.0,-0.4200840252083998,0.6361464251628661,1.017117491623986,1.4227885738641413,"agg_bias_mean, agg_dist_mean, agg_spurious_mean, agg_trunc_mean, agg_bias_std, agg_spurious_std, mean_spurious_ref_count, mean_spurious_residual_count, mean_spectral_gap",True,,84
rbf(gamma=6.739),1.685,Principal Components (kDMD),3.0,1.0,0.2562155009669285,,9.484738891412961,0.027013448013723813,0.4777411361733491,,3.0,4.4,0.043875041650395886,0.004002981034362787,5.0,-0.3317561368480648,-1.04335843294073,2.498922424394639,-0.31977192093974016,0.0,0.0,-0.4200840252083998,0.6361464251628661,0.3631647698532163,1.5716086916212482,"agg_bias_mean, agg_dist_mean, agg_spurious_mean, agg_trunc_mean, agg_bias_std, agg_spurious_std, mean_spurious_ref_count, mean_spurious_residual_count, mean_spectral_gap",True,,85
rbf(gamma=3.415),1.707,Principal Components (kDMD),3.0,1.0,0.0739006239638881,,9.324958293804759,0.007925035333722148,0.41213501449237555,,3.2,4.6,0.051259816559447266,0.004422242214764471,5.0,-0.334562295746937,-1.0534126701656445,1.0341204467318383,-0.332190060077722,0.0,0.0,2.3804761428476198,1.7927762890953425,-1.2771320998369227,1.8244987613810868,"agg_bias_mean, agg_dist_mean, agg_spurious_mean, agg_trunc_mean, agg_bias_std, agg_spurious_std, mean_spurious_ref_count, mean_spurious_residual_count, mean_spectral_gap",True,,86
rbf(gamma=6.999),1.75,Principal Components (kDMD),3.0,1.0,0.26749224769813285,,9.592690161004777,0.027885008606398545,0.4755401611254714,,3.2,4.4,0.052773892869389646,0.004121827241355676,5.0,-0.3315825671223777,-1.036565570168566,2.4497807815065666,-0.31920491933052014,0.0,0.0,2.3804761428476198,0.6361464251628661,-1.6134368162645638,1.941696273004757,"agg_bias_mean, agg_dist_mean, agg_spurious_mean, agg_trunc_mean, agg_bias_std, agg_spurious_std, mean_spurious_ref_count, mean_spurious_residual_count, mean_spectral_gap",True,,87
rbf(gamma=3.867),1.934,Principal Components (kDMD),3.0,1.0,0.08577333280684335,,9.59302418630267,0.008941219279871532,0.42692739160904014,,3.2,4.6,0.051916424010114,0.005415540908408405,5.0,-0.3343795530760093,-1.0365445515365517,1.3643930295281501,-0.33152897244070295,0.0,0.0,2.3804761428476198,1.7927762890953425,-1.4229769169380877,2.0992303407453465,"agg_bias_mean, agg_dist_mean, agg_spurious_mean, agg_trunc_mean, agg_bias_std, agg_spurious_std, mean_spurious_ref_count, mean_spurious_residual_count, mean_spectral_gap",True,,88
rbf(gamma=6.385),1.596,Reduced Rank,3.0,1.0,67.34992338717895,,36.920750007982676,1.8241753857280025,0.40892270276180787,,3.0,4.2,0.04193479696533835,0.001649940514268489,5.0,0.7009385534491214,0.6830599707993573,0.9623984723909963,0.8493879966579271,0.0,0.0,-0.4200840252083998,-0.5204834387696153,0.7941294671565811,2.4376302771729135,"agg_bias_mean, agg_dist_mean, agg_spurious_mean, agg_trunc_mean, agg_bias_std, agg_spurious_std, mean_spurious_ref_count, mean_spurious_residual_count, mean_spectral_gap",True,,89
rbf(gamma=3.265),1.633,Reduced Rank,3.0,1.0,119.4832515844376,,41.31469133527993,2.8920281798742877,0.3637114022569104,,3.0,4.2,0.045453575456505524,0.0014581052358916278,5.0,1.5033656798219275,0.9595499146242732,-0.04704394998415619,1.5440892690420969,0.0,0.0,-0.4200840252083998,-0.5204834387696153,0.012542835840293719,2.463662245529424,"agg_bias_mean, agg_dist_mean, agg_spurious_mean, agg_trunc_mean, agg_bias_std, agg_spurious_std, mean_spurious_ref_count, mean_spurious_residual_count, mean_spectral_gap",True,,90
rbf(gamma=6.334),1.583,Reduced Rank,3.0,1.0,126.98464995719493,,52.98323436409194,2.3966949447551205,0.36837502620340573,,3.0,4.0,0.04045574743094225,0.001756687015116524,5.0,1.6188258997651812,1.6937961337332859,0.057081784091709734,1.2218457626545365,0.0,0.0,-0.4200840252083998,-1.6771133027020968,1.1226540804678113,2.6547984238450546,"agg_bias_mean, agg_dist_mean, agg_spurious_mean, agg_trunc_mean, agg_bias_std, agg_spurious_std, mean_spurious_ref_count, mean_spurious_residual_count, mean_spectral_gap",True,,91
rbf(gamma=6.999),1.75,Reduced Rank,3.0,1.0,129.19416882599947,,42.27874422284998,3.0557711966330157,0.3822983151136992,,3.0,4.2,0.04928013034703645,0.0006495079127645377,5.0,1.6528344301596505,1.0202132027461581,0.36795004773551454,1.6506137663416074,0.0,0.0,-0.4200840252083998,-0.5204834387696153,-0.8374067003252771,2.717075762275673,"agg_bias_mean, agg_dist_mean, agg_spurious_mean, agg_trunc_mean, agg_bias_std, agg_spurious_std, mean_spurious_ref_count, mean_spurious_residual_count, mean_spectral_gap",True,,92
rbf(gamma=6.829),1.707,Principal Components (kDMD),3.0,1.0,0.26795381909238425,,9.527682528327505,0.0281237140611801,0.4739029362127256,,3.2,4.6,0.051259816559447266,0.004422242214764471,5.0,-0.33157546269570265,-1.0406561929985678,2.4132261090366605,-0.31904962734264425,0.0,0.0,2.3804761428476198,1.7927762890953425,-1.2771320998369227,3.225917950271759,"agg_bias_mean, agg_dist_mean, agg_spurious_mean, agg_trunc_mean, agg_bias_std, agg_spurious_std, mean_spurious_ref_count, mean_spurious_residual_count, mean_spectral_gap",True,,93
rbf(gamma=6.531),1.633,Reduced Rank,3.0,1.0,128.8190538382845,,43.11964655776603,2.987479353888249,0.3874226304945145,,3.0,4.2,0.045453575456505524,0.0014581052358916278,5.0,1.6470607254670866,1.07312720910732,0.48236173846898683,1.6061858917241347,0.0,0.0,-0.4200840252083998,-0.5204834387696153,0.012542835840293719,3.2813885854517926,"agg_bias_mean, agg_dist_mean, agg_spurious_mean, agg_trunc_mean, agg_bias_std, agg_spurious_std, mean_spurious_ref_count, mean_spurious_residual_count, mean_spectral_gap",True,,94
rbf(gamma=7.734),1.934,Principal Components (kDMD),3.0,1.0,0.2798592834143959,,9.737310384688278,0.028740922529743827,0.48273011292486967,,3.2,4.6,0.051916424010114,0.005415540908408405,5.0,-0.33139221585813455,-1.0274653035642338,2.6103123804672954,-0.31864809680324035,0.0,0.0,2.3804761428476198,1.7927762890953425,-1.4229769169380877,3.3636567146934158,"agg_bias_mean, agg_dist_mean, agg_spurious_mean, agg_trunc_mean, agg_bias_std, agg_spurious_std, mean_spurious_ref_count, mean_spurious_residual_count, mean_spectral_gap",True,,95
rbf(gamma=6.361),1.59,Reduced Rank,3.0,1.0,151.48758829275596,,41.10936911106603,3.684989372701848,0.35716816975038546,,3.0,4.2,0.036934837487608375,0.0009021552983676031,5.0,1.9959708677959809,0.9466299582547539,-0.1931361083115836,2.0599573293480864,0.0,0.0,-0.4200840252083998,-0.5204834387696153,1.9047141472455695,4.001275004662164,"agg_bias_mean, agg_dist_mean, agg_spurious_mean, agg_trunc_mean, agg_bias_std, agg_spurious_std, mean_spurious_ref_count, mean_spurious_residual_count, mean_spectral_gap",True,,96
rbf(gamma=6.743),1.686,Reduced Rank,3.0,1.0,214.93307598860258,,39.501722763431395,5.441106386063147,0.3918958786167367,,3.0,4.2,0.04526589503050711,0.0010037624423999162,5.0,2.972512787016409,0.845468377970011,0.5822369106041472,3.2024151009859043,0.0,0.0,-0.4200840252083998,-0.5204834387696153,0.05423017486669793,5.2980152621430525,"agg_bias_mean, agg_dist_mean, agg_spurious_mean, agg_trunc_mean, agg_bias_std, agg_spurious_std, mean_spurious_ref_count, mean_spurious_residual_count, mean_spectral_gap",True,,97
rbf(gamma=6.739),1.685,Reduced Rank,3.0,1.0,291.87106755535996,,42.23608395434183,6.9104670752828135,0.3747653813124968,,3.0,4.0,0.03980830484061837,0.0009506507097505917,5.0,4.156728980699871,1.0175287938374415,0.19976061591296138,4.158320958036411,0.0,0.0,-0.4200840252083998,-1.6771133027020968,1.2664632103724562,6.199255159348411,"agg_bias_mean, agg_dist_mean, agg_spurious_mean, agg_trunc_mean, agg_bias_std, agg_spurious_std, mean_spurious_ref_count, mean_spurious_residual_count, mean_spectral_gap",True,,98
rbf(gamma=6.829),1.707,Reduced Rank,3.0,1.0,274.03554390550124,,46.14796605237723,5.938193323503686,0.3797114122226905,,3.0,4.2,0.04677249021989718,0.0009126120800644416,5.0,3.8822077006550084,1.2636850305664376,0.3101917109571631,3.5257994942454367,0.0,0.0,-0.4200840252083998,-0.5204834387696153,-0.280412844518736,6.3482523156681445,"agg_bias_mean, agg_dist_mean, agg_spurious_mean, agg_trunc_mean, agg_bias_std, agg_spurious_std, mean_spurious_ref_count, mean_spurious_residual_count, mean_spectral_gap",True,,99
rbf(gamma=7.734),1.934,Reduced Rank,3.0,1.0,403.9873431349449,,41.246412192861385,9.794484457119982,0.38713264983787826,,3.0,4.2,0.04760753092780625,0.0004092358558832177,5.0,5.882403207607921,0.9552534311609108,0.47588727803082514,6.034544493455544,0.0,0.0,-0.4200840252083998,-0.5204834387696153,-0.4658910312090653,9.367345196549081,"agg_bias_mean, agg_dist_mean, agg_spurious_mean, agg_trunc_mean, agg_bias_std, agg_spurious_std, mean_spurious_ref_count, mean_spurious_residual_count, mean_spectral_gap",True,,100
