kernel,kind,method,n_modes_used,weight_sum,agg_bias_mean,agg_bias_std,agg_dist_mean,agg_trunc_mean,agg_spurious_mean,agg_spurious_std,mean_spurious_ref_count,mean_spurious_residual_count,mean_spectral_gap,std_spectral_gap,mean_rank,agg_bias_mean_norm,agg_dist_mean_norm,agg_spurious_mean_norm,agg_trunc_mean_norm,agg_bias_std_norm,agg_spurious_std_norm,mean_spurious_ref_count_norm,mean_spurious_residual_count_norm,mean_spectral_gap_norm,std_spectral_gap_norm,composite_score,used_metrics,admissible,constraint_violations,rank
resolvent(beta=0.001),path_12,Reduced Rank,3.0,1.0,0.8008231269944862,0.11003430120275161,5.532677794206835,0.14456842017204363,0.24573138537349914,0.02095044547891213,1.0,2.3,0.02139008204369469,0.007336931117778768,5.0,0.12798105195539786,-0.7539234037548409,-1.1368339579236286,1.2556336975752314,0.13742556562123653,-0.35620932212537515,-0.7302694160712501,-1.422954479632653,0.6583964757012438,-0.30310273733127846,-2.7243220342119665,"agg_bias_mean, agg_dist_mean, agg_spurious_mean, agg_trunc_mean, agg_bias_std, agg_spurious_std, mean_spurious_ref_count, mean_spurious_residual_count, mean_spectral_gap, std_spectral_gap",True,,1
resolvent(beta=0.001),cycle_12,Principal Components (kDMD),3.0,1.0,0.21340628441402282,0.0160899350055083,5.100508287577931,0.04183773799341355,0.35378481595615136,0.008643781823902274,2.0,4.0,0.12794022433361465,0.008476633425766425,5.0,-0.9369475973683974,-0.8314820448855966,-0.23883701356554865,-0.8413003266140248,-0.5878800695058863,-0.49351190103597486,0.5298033018556122,0.13087026601000987,-0.4611348395446211,-0.29062959576152336,-2.6057177135368956,"agg_bias_mean, agg_dist_mean, agg_spurious_mean, agg_trunc_mean, agg_bias_std, agg_spurious_std, mean_spurious_ref_count, mean_spurious_residual_count, mean_spectral_gap, std_spectral_gap",True,,2
resolvent(beta=0.0001),cycle_12,Principal Components (kDMD),3.0,1.0,0.21069093122876487,0.039570574616537714,5.034802699154377,0.04185647465333443,0.35222176378144865,0.008377259201588244,2.0,4.0,0.1279389100186728,0.008477353896243477,5.0,-0.9418702641876038,-0.8432737980626744,-0.2518270321997245,-0.8409178747617199,-0.40659575288692434,-0.49648543183258803,0.5298033018556122,0.13087026601000987,-0.461121029926878,-0.29062171078121396,-2.5906443537316672,"agg_bias_mean, agg_dist_mean, agg_spurious_mean, agg_trunc_mean, agg_bias_std, agg_spurious_std, mean_spurious_ref_count, mean_spurious_residual_count, mean_spectral_gap, std_spectral_gap",True,,3
resolvent(beta=0.0003),cycle_12,Principal Components (kDMD),3.0,1.0,0.22088571102740212,0.030362145916652882,5.277591769431471,0.041852309493321284,0.35275088949111705,0.008467439330768375,2.0,4.0,0.12793920191207836,0.008477193773158167,5.0,-0.9233881365158403,-0.7997020279973232,-0.24742964039178864,-0.8410028938189532,-0.4776902261059983,-0.4954793131435572,0.5298033018556122,0.13087026601000987,-0.461124096875464,-0.29062346320190985,-2.5417596339272115,"agg_bias_mean, agg_dist_mean, agg_spurious_mean, agg_trunc_mean, agg_bias_std, agg_spurious_std, mean_spurious_ref_count, mean_spurious_residual_count, mean_spectral_gap, std_spectral_gap",True,,4
resolvent(beta=0.001),path_12,Principal Components (kDMD),3.0,1.0,0.23631438920765951,0.010314649712031096,4.48219942810322,0.05272297879583238,0.3071741869747184,0.012710348506037621,2.0,4.0,0.04360940242862481,0.003811481203173388,5.0,-0.8954174686283216,-0.9424459009753883,-0.6262028026407815,-0.6191112851707337,-0.6324686610030179,-0.44814216408522883,0.5298033018556122,0.13087026601000987,0.42493620582450087,-0.34168600207836536,-2.5209560017714447,"agg_bias_mean, agg_dist_mean, agg_spurious_mean, agg_trunc_mean, agg_bias_std, agg_spurious_std, mean_spurious_ref_count, mean_spurious_residual_count, mean_spectral_gap, std_spectral_gap",True,,5
resolvent(beta=0.0001),path_12,Principal Components (kDMD),3.0,1.0,0.22699996587077642,0.05588085243096574,4.302810501117362,0.05275600885730358,0.3029329877585114,0.01236183275694304,2.0,4.0,0.043609141656168936,0.003811347847877678,5.0,-0.9123035970883142,-0.9746396610568335,-0.6614500309428435,-0.6184370770544126,-0.2806708370228299,-0.4520304730926961,0.5298033018556122,0.13087026601000987,0.42493894578264857,-0.3416874615467465,-2.5179676307016257,"agg_bias_mean, agg_dist_mean, agg_spurious_mean, agg_trunc_mean, agg_bias_std, agg_spurious_std, mean_spurious_ref_count, mean_spurious_residual_count, mean_spectral_gap, std_spectral_gap",True,,6
resolvent(beta=0.0003),path_12,Principal Components (kDMD),3.0,1.0,0.23026988493126865,0.047778865443606405,4.364190938029909,0.052748665307078155,0.30436888662123796,0.012479634999348916,2.0,4.0,0.04360919675058089,0.0038113769315314856,5.0,-0.9063755571751394,-0.9636241145966409,-0.6495167421598522,-0.6185869732684695,-0.3432229309431866,-0.4507161809224381,0.5298033018556122,0.13087026601000987,0.4249383669010239,-0.34168714324912725,-2.5044753639562267,"agg_bias_mean, agg_dist_mean, agg_spurious_mean, agg_trunc_mean, agg_bias_std, agg_spurious_std, mean_spurious_ref_count, mean_spurious_residual_count, mean_spectral_gap, std_spectral_gap",True,,7
resolvent(beta=0.0003),path_12,Reduced Rank,3.0,1.0,0.6579148275493245,0.3549303925805589,4.563106385499115,0.14458236384201723,0.24818735199415257,0.021313250834738888,1.0,2.5,0.021158173130199742,0.009474827994489144,5.0,-0.13109756355850816,-0.9279260573089589,-1.1164232175251068,1.255918315134169,2.028167100073599,-0.35216158730511676,-0.7302694160712501,-1.2401515683805748,0.6608331621792007,-0.27970514462847024,-2.4732822841170865,"agg_bias_mean, agg_dist_mean, agg_spurious_mean, agg_trunc_mean, agg_bias_std, agg_spurious_std, mean_spurious_ref_count, mean_spurious_residual_count, mean_spectral_gap, std_spectral_gap",True,,8
resolvent(beta=0.003),cycle_12,Principal Components (kDMD),3.0,1.0,0.24770838534552864,0.004143241847628178,5.926513010078329,0.041796161284672256,0.35545886278335015,0.008929852719278493,2.0,4.0,0.12794315235476428,0.00847503316007804,5.0,-0.8747612803171405,-0.6832443676268718,-0.22492455444758516,-0.842148988506699,-0.6801155511988732,-0.49032027471161116,0.5298033018556122,0.13087026601000987,-0.4611656045093434,-0.2906471094055167,-2.4040863157908032,"agg_bias_mean, agg_dist_mean, agg_spurious_mean, agg_trunc_mean, agg_bias_std, agg_spurious_std, mean_spurious_ref_count, mean_spurious_residual_count, mean_spectral_gap, std_spectral_gap",True,,9
resolvent(beta=0.003),path_12,Principal Components (kDMD),3.0,1.0,0.27689835032017984,0.003625076993207488,5.259274102200516,0.05264972491046296,0.31171502070620416,0.01308539255422926,2.0,4.0,0.04361010018844567,0.003811800417540697,5.0,-0.8218427602459252,-0.8029893801990095,-0.5884654092630373,-0.6206065401556865,-0.6841160879425783,-0.4439578850259063,0.5298033018556122,0.13087026601000987,0.4249288744033204,-0.34168250852924587,-2.282803586020772,"agg_bias_mean, agg_dist_mean, agg_spurious_mean, agg_trunc_mean, agg_bias_std, agg_spurious_std, mean_spurious_ref_count, mean_spurious_residual_count, mean_spectral_gap, std_spectral_gap",True,,10
resolvent(beta=0.01),cycle_12,Principal Components (kDMD),3.0,1.0,0.27069105021612566,0.0026829791872153104,6.49896135461245,0.041651294705305736,0.3587321076483695,0.009492459554268896,2.0,4.0,0.1279534801507674,0.008469441190248408,5.0,-0.833095981530353,-0.580510798879873,-0.19772168017442854,-0.8451059985527665,-0.6913896358431769,-0.48404340134264845,0.5298033018556122,0.13087026601000987,-0.4612741195314211,-0.2907083090984979,-2.235281939260013,"agg_bias_mean, agg_dist_mean, agg_spurious_mean, agg_trunc_mean, agg_bias_std, agg_spurious_std, mean_spurious_ref_count, mean_spurious_residual_count, mean_spectral_gap, std_spectral_gap",True,,11
resolvent(beta=0.001),cycle_12,Reduced Rank,3.0,1.0,0.592778333808025,0.5435007110397299,4.275694133172926,0.14005088228042636,0.33933931548575397,0.16231179764901574,1.1,1.6,0.06657667241976581,0.040562556702501536,5.0,-0.24918358573807872,-0.9795060586575739,-0.3588888732075015,1.1634219190724404,3.484040614713013,1.220926346431188,-0.6042621442785637,-2.0627646690149257,0.18361716646718346,0.06052549151180182,-2.087581602823549,"agg_bias_mean, agg_dist_mean, agg_spurious_mean, agg_trunc_mean, agg_bias_std, agg_spurious_std, mean_spurious_ref_count, mean_spurious_residual_count, mean_spectral_gap, std_spectral_gap",True,,12
resolvent(beta=0.01),path_12,Principal Components (kDMD),3.0,1.0,0.3082638627202214,0.003250072527450622,5.883535233994637,0.05239491448363342,0.32059044907534107,0.013824045488188315,2.0,4.0,0.04361382633152202,0.0038131678529930812,5.0,-0.7649801878198551,-0.6909573086390086,-0.5147046085889905,-0.6258077190284984,-0.6870113424769505,-0.43571690635000226,0.5298033018556122,0.13087026601000987,0.4248897235043219,-0.34166754302828517,-2.041428133835936,"agg_bias_mean, agg_dist_mean, agg_spurious_mean, agg_trunc_mean, agg_bias_std, agg_spurious_std, mean_spurious_ref_count, mean_spurious_residual_count, mean_spectral_gap, std_spectral_gap",True,,13
resolvent(beta=0.03),cycle_12,Principal Components (kDMD),3.0,1.0,0.2972412560292146,0.0026956300607108154,7.207065443459734,0.0412428981132851,0.3640408994834138,0.010420469713706746,2.0,4.0,0.12798367639530675,0.008453553368104659,5.0,-0.7849630837884422,-0.45343197895451054,-0.15360203658332283,-0.8534421712619277,-0.691291963676053,-0.47368980822286055,0.5298033018556122,0.13087026601000987,-0.46159139401494675,-0.2908821887629025,-2.0177079551923507,"agg_bias_mean, agg_dist_mean, agg_spurious_mean, agg_trunc_mean, agg_bias_std, agg_spurious_std, mean_spurious_ref_count, mean_spurious_residual_count, mean_spectral_gap, std_spectral_gap",True,,14
resolvent(beta=0.003),path_12,Reduced Rank,3.0,1.0,1.0013195665274461,0.10658980039886137,6.935556062915199,0.14452838111598146,0.25137696173454166,0.022638419710211938,1.0,2.5,0.02143179064723736,0.007177811732449401,5.0,0.49146127088837505,-0.5021579956824084,-1.0899154075914532,1.2548164221792868,0.11083199812602251,-0.33737698692965756,-0.7302694160712501,-1.2401515683805748,0.6579582398924717,-0.30484417332363856,-1.882358368297625,"agg_bias_mean, agg_dist_mean, agg_spurious_mean, agg_trunc_mean, agg_bias_std, agg_spurious_std, mean_spurious_ref_count, mean_spurious_residual_count, mean_spectral_gap, std_spectral_gap",True,,15
resolvent(beta=0.03),path_12,Principal Components (kDMD),3.0,1.0,0.34451435804171077,0.003340488478382542,6.666337029643789,0.051680155428273845,0.3349879079906163,0.015035762701446846,2.0,4.0,0.04363545847744773,0.003819263129739146,5.0,-0.6992616244050781,-0.5504729787313993,-0.39505200669821955,-0.6403973484410114,-0.6863132782782032,-0.4221980597353039,0.5298033018556122,0.13087026601000987,0.424662432725921,-0.3416008350386394,-1.7194101940174626,"agg_bias_mean, agg_dist_mean, agg_spurious_mean, agg_trunc_mean, agg_bias_std, agg_spurious_std, mean_spurious_ref_count, mean_spurious_residual_count, mean_spectral_gap, std_spectral_gap",True,,16
resolvent(beta=0.1),cycle_12,Principal Components (kDMD),3.0,1.0,0.33373348978229317,0.002823068877034943,8.369507688734917,0.0398748017237802,0.37447769318693125,0.012346086429746394,2.0,4.0,0.12809758391169174,0.008399491561288866,5.0,-0.7188062725013178,-0.24481605498571393,-0.06686523605679678,-0.8813676926999627,-0.6903080612308573,-0.4522061511962892,0.5298033018556122,0.13087026601000987,-0.4627882298792095,-0.29147385253791125,-1.6652906241368632,"agg_bias_mean, agg_dist_mean, agg_spurious_mean, agg_trunc_mean, agg_bias_std, agg_spurious_std, mean_spurious_ref_count, mean_spurious_residual_count, mean_spectral_gap, std_spectral_gap",True,,17
resolvent(beta=0.003),cycle_12,Reduced Rank,3.0,1.0,0.8916389228787217,0.29616653838389717,6.319839868985982,0.1399758282797905,0.33177336856131356,0.028126416556563838,1.0,2.4,0.07151748460044842,0.03920030290118254,5.0,0.29262110964154925,-0.6126565630058001,-0.4217669991743201,1.1618899202163322,1.5744756620884854,-0.2761486848341006,-0.7302694160712501,-1.331553024006614,0.13170363692940373,0.04561669962930538,-1.4557074867870194,"agg_bias_mean, agg_dist_mean, agg_spurious_mean, agg_trunc_mean, agg_bias_std, agg_spurious_std, mean_spurious_ref_count, mean_spurious_residual_count, mean_spectral_gap, std_spectral_gap",True,,18
resolvent(beta=0.0003),cycle_12,Reduced Rank,3.0,1.0,0.447566140462348,0.4057014347934342,3.1612502050777582,0.1400771628097948,0.3923020363250808,0.4195782886787589,1.9,2.0,0.3313921278810988,0.33074846614738335,5.0,-0.512438933074796,-1.1795080378664002,0.0812670868776866,1.1639583560456763,2.4201493392316085,4.091188643011042,0.40379603006292586,-1.6971588465107699,-2.5988211182549,3.236381067732438,-1.3864423341536565,"agg_bias_mean, agg_dist_mean, agg_spurious_mean, agg_trunc_mean, agg_bias_std, agg_spurious_std, mean_spurious_ref_count, mean_spurious_residual_count, mean_spectral_gap, std_spectral_gap",True,,19
resolvent(beta=0.0001),path_12,Reduced Rank,3.0,1.0,0.35018889019007193,0.25604037945335084,2.437926225140423,0.14458634076835403,0.5446313015334319,0.34047029931446693,1.8,1.0,0.1274814162723187,0.16718757130448783,5.0,-0.6889742587419614,-1.309318272324709,1.3472261032254045,1.2559994919741402,1.2646781684609667,3.2085992380647275,0.2777887582702398,-2.6111734027711595,-0.4563141046186139,1.446336261862528,-1.243599340702487,"agg_bias_mean, agg_dist_mean, agg_spurious_mean, agg_trunc_mean, agg_bias_std, agg_spurious_std, mean_spurious_ref_count, mean_spurious_residual_count, mean_spectral_gap, std_spectral_gap",True,,20
resolvent(beta=0.3),cycle_12,Principal Components (kDMD),3.0,1.0,0.3654341686985163,0.0030248380590136297,10.032448397821184,0.03642508954879083,0.3917561191979345,0.01601281978303027,2.0,4.1,0.1284982657064392,0.008272774160740001,5.0,-0.6613360763241004,0.05362106216261611,0.07673014705627916,-0.951783061117519,-0.6887502847445391,-0.41129726153321305,0.5298033018556122,0.22227172163604852,-0.46699822722907836,-0.2928606743994797,-1.101429193883957,"agg_bias_mean, agg_dist_mean, agg_spurious_mean, agg_trunc_mean, agg_bias_std, agg_spurious_std, mean_spurious_ref_count, mean_spurious_residual_count, mean_spectral_gap, std_spectral_gap",True,,21
resolvent(beta=0.01),path_12,Reduced Rank,3.0,1.0,1.157875784745901,0.11304941112435085,8.009752848372644,0.14438623172013537,0.2559318668965874,0.022516306885867227,1.0,2.8,0.02136980840515451,0.007156962093103389,5.0,0.7752822135740339,-0.30937890852056277,-1.0520610711275202,1.2519148751599718,0.16070398353159973,-0.33873937125822906,-0.7302694160712501,-0.9659472015024582,0.6586094925281754,-0.30507235615824235,-1.0827544277392767,"agg_bias_mean, agg_dist_mean, agg_spurious_mean, agg_trunc_mean, agg_bias_std, agg_spurious_std, mean_spurious_ref_count, mean_spurious_residual_count, mean_spectral_gap, std_spectral_gap",True,,22
resolvent(beta=0.03),path_12,Reduced Rank,3.0,1.0,1.2867210763198145,0.10576228998071174,8.942068146829806,0.1439686069192862,0.2650728899624698,0.02450577550893151,1.0,2.8,0.02111651379539431,0.007045790511505545,5.0,1.0088659864273692,-0.14206236594958746,-0.9760929992467281,1.2433903366708459,0.10444313210131415,-0.31654333338266344,-0.7302694160712501,-0.9659472015024582,0.6612708803172028,-0.3062890413102202,-0.6176379904608976,"agg_bias_mean, agg_dist_mean, agg_spurious_mean, agg_trunc_mean, agg_bias_std, agg_spurious_std, mean_spurious_ref_count, mean_spurious_residual_count, mean_spectral_gap, std_spectral_gap",True,,23
resolvent(beta=0.01),cycle_12,Reduced Rank,3.0,1.0,1.2390341159838505,0.4371332079082162,8.85882583898382,0.13971350591849058,0.32920058422420395,0.03274809709066495,1.0,2.1,0.06864318602289157,0.036884849766902414,5.0,0.9224142428276284,-0.1570013197214149,-0.4431485736487143,1.1565354080778945,2.662821072354202,-0.22458567198011095,-0.7302694160712501,-1.6057573908847307,0.16190413406422507,0.020275893929785984,-0.3747801548158275,"agg_bias_mean, agg_dist_mean, agg_spurious_mean, agg_trunc_mean, agg_bias_std, agg_spurious_std, mean_spurious_ref_count, mean_spurious_residual_count, mean_spectral_gap, std_spectral_gap",True,,24
resolvent(beta=0.1),path_12,Principal Components (kDMD),3.0,1.0,0.3940975003294366,0.0037173590331141845,7.990071109084737,0.049323938677291096,0.3634209791371824,0.017437968499868443,2.0,5.0,0.04383809071261061,0.003867740605313123,5.0,-0.6093722904293255,-0.3129110618327367,-0.15875399310760324,-0.688492337870841,-0.6834036164418944,-0.3953972093632363,0.5298033018556122,1.0448848222703997,0.4225333587719337,-0.3410702873583015,-0.25919814001177116,"agg_bias_mean, agg_dist_mean, agg_spurious_mean, agg_trunc_mean, agg_bias_std, agg_spurious_std, mean_spurious_ref_count, mean_spurious_residual_count, mean_spectral_gap, std_spectral_gap",True,,25
resolvent(beta=0.03),cycle_12,Reduced Rank,3.0,1.0,1.3216659627748581,0.1366327450546301,9.513931846410653,0.13896602236670633,0.3264117035398557,0.024874547769842346,1.0,2.8,0.06141805074051422,0.031100129670541442,5.0,1.0722176100714351,-0.03943371961711434,-0.466326054633997,1.141277807728928,0.3427811605578699,-0.31242902719268817,-0.7302694160712501,-0.9659472015024582,0.2378192387432964,-0.043033298477411365,-0.07824584175970471,"agg_bias_mean, agg_dist_mean, agg_spurious_mean, agg_trunc_mean, agg_bias_std, agg_spurious_std, mean_spurious_ref_count, mean_spurious_residual_count, mean_spectral_gap, std_spectral_gap",True,,26
resolvent(beta=1),cycle_12,Principal Components (kDMD),3.0,1.0,0.35932545451871584,0.003040421145666723,12.843924251723228,0.02797613294238389,0.4304873125542853,0.025882087802626984,2.0,5.0,0.13093750112206265,0.008925185844606628,5.0,-0.6724105710764516,0.5581782867143535,0.3986125074570503,-1.124242780075355,-0.6886299741711682,-0.3011881378066614,0.5298033018556122,1.0448848222703997,-0.49262747909452187,-0.2857205438253835,0.46684690275741625,"agg_bias_mean, agg_dist_mean, agg_spurious_mean, agg_trunc_mean, agg_bias_std, agg_spurious_std, mean_spurious_ref_count, mean_spurious_residual_count, mean_spectral_gap, std_spectral_gap",True,,27
resolvent(beta=0.3),path_12,Principal Components (kDMD),3.0,1.0,0.4293812896048514,0.004100737834995139,9.839800646023237,0.04363777458929776,0.41131369963404585,0.021111965561830585,2.0,5.0,0.04543981926891737,0.0042701414373196,5.0,-0.5454062694840782,0.01904782731573024,0.2392668418744166,-0.8045580612786098,-0.6804437071184474,-0.354407280194902,0.5298033018556122,1.0448848222703997,0.40570386198506175,-0.33666632808733515,0.4803884444073293,"agg_bias_mean, agg_dist_mean, agg_spurious_mean, agg_trunc_mean, agg_bias_std, agg_spurious_std, mean_spurious_ref_count, mean_spurious_residual_count, mean_spectral_gap, std_spectral_gap",True,,28
resolvent(beta=0.1),path_12,Reduced Rank,3.0,1.0,1.44764938988371,0.06364527188272116,10.160046404056175,0.1424664904918515,0.28380041232734454,0.02359175726735986,1.0,3.8,0.020383837374697934,0.0067436926774473065,5.0,1.300613105642938,0.0765202436707583,-0.8204546472909217,1.2127292042984898,-0.22072496256746413,-0.32674082193497556,-0.7302694160712501,-0.05193264524206827,0.6689691731517627,-0.3095952634927286,0.8661952754714155,"agg_bias_mean, agg_dist_mean, agg_spurious_mean, agg_trunc_mean, agg_bias_std, agg_spurious_std, mean_spurious_ref_count, mean_spurious_residual_count, mean_spectral_gap, std_spectral_gap",True,,29
resolvent(beta=0.1),cycle_12,Reduced Rank,3.0,1.0,1.4486002045613162,0.07244909432861821,10.634558472392989,0.1362779133424892,0.3301011342643968,0.03257780882520849,1.0,3.9,0.046659816941832945,0.023307962956289955,5.0,1.3023368386328407,0.16167782803487038,-0.43566439494217946,1.086408248274337,-0.1527542870587166,-0.22648553848014866,-0.7302694160712501,0.0394688103839708,0.39288524372700534,-0.12831240854046166,1.3154430615547166,"agg_bias_mean, agg_dist_mean, agg_spurious_mean, agg_trunc_mean, agg_bias_std, agg_spurious_std, mean_spurious_ref_count, mean_spurious_residual_count, mean_spectral_gap, std_spectral_gap",True,,30
resolvent(beta=0.0001),cycle_12,Reduced Rank,3.0,1.0,0.3737695879188795,0.23843917589813043,2.720205939269272,0.1400907923973084,0.7679087770001256,0.34484072316991743,3.0,2.4,0.5612278210179535,0.5213611554019756,5.0,-0.6462247855192695,-1.2586593741127836,3.202812636960757,1.1642365625676896,1.1287865483417017,3.257359038698547,1.7898760197824746,-1.331553024006614,-5.013724095369838,5.322486396642596,1.3637276927329642,"agg_bias_mean, agg_dist_mean, agg_spurious_mean, agg_trunc_mean, agg_bias_std, agg_spurious_std, mean_spurious_ref_count, mean_spurious_residual_count, mean_spectral_gap, std_spectral_gap",True,,31
resolvent(beta=0.3),cycle_12,Reduced Rank,3.0,1.0,1.5564557203571177,0.04801124593378165,12.010804949612872,0.12959231439212024,0.3216410109098763,0.03758460162897049,0.8,4.1,0.02452779971453296,0.008571071202401068,5.0,1.497868223558718,0.408663802280895,-0.5059737306133003,0.9499421057957372,-0.3414288171943767,-0.17062591776582892,-0.9822839596566224,0.22227172163604852,0.6254282119766811,-0.2895960488877115,1.71896049995828,"agg_bias_mean, agg_dist_mean, agg_spurious_mean, agg_trunc_mean, agg_bias_std, agg_spurious_std, mean_spurious_ref_count, mean_spurious_residual_count, mean_spectral_gap, std_spectral_gap",True,,32
resolvent(beta=3),cycle_12,Principal Components (kDMD),3.0,1.0,0.27773657095699783,0.00393288814897362,16.470303303067134,0.016863437375716883,0.5218736634875263,0.0728475561620856,2.2,5.0,0.14310214714105968,0.02101289076469289,5.0,-0.8203231491181942,1.2089808702681775,1.1580947696265302,-1.3510746178478539,-0.6817396051914635,0.222794649589398,0.7818178454409849,1.0448848222703997,-0.6204424389290382,-0.1534301609201543,1.8436939282484044,"agg_bias_mean, agg_dist_mean, agg_spurious_mean, agg_trunc_mean, agg_bias_std, agg_spurious_std, mean_spurious_ref_count, mean_spurious_residual_count, mean_spectral_gap, std_spectral_gap",True,,33
resolvent(beta=1),path_12,Principal Components (kDMD),3.0,1.0,0.3968238801065218,0.0048351707230529705,12.722066843005242,0.03119185790626278,0.509293513432113,0.02575304329430731,2.5,5.0,0.0585107992319337,0.008386846541583398,5.0,-0.6044296334894925,0.5363093327809666,1.0535452310472255,-1.0586035479960112,-0.6747734542454585,-0.3026278573182391,1.1598396608190433,1.0448848222703997,0.26836597509861326,-0.2916122422909487,1.8978574081062602,"agg_bias_mean, agg_dist_mean, agg_spurious_mean, agg_trunc_mean, agg_bias_std, agg_spurious_std, mean_spurious_ref_count, mean_spurious_residual_count, mean_spectral_gap, std_spectral_gap",True,,34
resolvent(beta=1),cycle_12,Reduced Rank,3.0,1.0,1.6047371532467776,0.09642926635495205,14.401691680409645,0.11139062949425196,0.3371202068571409,0.05057620164555075,0.0,4.7,0.01942494384613861,0.010900346325344458,5.0,1.5853976871143363,0.8377406415623421,-0.3773311638126933,0.578410139391144,0.03238671294015414,-0.02568166346134807,-1.9903421339981122,0.7706804553922829,0.6790443481833246,-0.2641039724395377,2.385694066304263,"agg_bias_mean, agg_dist_mean, agg_spurious_mean, agg_trunc_mean, agg_bias_std, agg_spurious_std, mean_spurious_ref_count, mean_spurious_residual_count, mean_spectral_gap, std_spectral_gap",True,,35
resolvent(beta=0.3),path_12,Reduced Rank,3.0,1.0,1.615591868445941,0.04923826735277023,11.683038923327404,0.13828120186099024,0.3115702340208046,0.02488871989065195,1.0,5.0,0.01894230847503675,0.006184444975851939,5.0,1.6050762124100357,0.34984177245786746,-0.5896686843499223,1.1272992826335573,-0.33195549180362843,-0.31227091214296065,-0.7302694160712501,1.0448848222703997,0.6841154386594278,-0.31571578786621673,2.710721227446047,"agg_bias_mean, agg_dist_mean, agg_spurious_mean, agg_trunc_mean, agg_bias_std, agg_spurious_std, mean_spurious_ref_count, mean_spurious_residual_count, mean_spectral_gap, std_spectral_gap",True,,36
resolvent(beta=3),cycle_12,Reduced Rank,3.0,1.0,1.6213486328503075,0.09569153750248008,17.70702677587283,0.09151412054088777,0.34608924602356916,0.06309383758493867,0.0,4.9,0.014289870174677588,0.011574928402873734,5.0,1.6155126570218152,1.4309275614022245,-0.30279239422573667,0.1726917403451974,0.026691013287762525,0.11397468406890314,-1.9903421339981122,0.9534833666443611,0.7329989995591308,-0.25672120441803675,3.1257916170304294,"agg_bias_mean, agg_dist_mean, agg_spurious_mean, agg_trunc_mean, agg_bias_std, agg_spurious_std, mean_spurious_ref_count, mean_spurious_residual_count, mean_spectral_gap, std_spectral_gap",True,,37
resolvent(beta=3),path_12,Principal Components (kDMD),3.0,1.0,0.2874397975257375,0.007388338648273494,16.217039283737204,0.017722822680393248,0.6244682899194277,0.03293339692196437,3.0,5.0,0.101954989672841,0.020904860454644486,5.0,-0.802732158845362,1.1635292294530617,2.0107253667914615,-1.3335328839953455,-0.6550614996222274,-0.22251832493770177,1.7898760197824746,1.0448848222703997,-0.1881057913281317,-0.15461246733614945,3.29247785892504,"agg_bias_mean, agg_dist_mean, agg_spurious_mean, agg_trunc_mean, agg_bias_std, agg_spurious_std, mean_spurious_ref_count, mean_spurious_residual_count, mean_spectral_gap, std_spectral_gap",True,,38
resolvent(beta=10),cycle_12,Reduced Rank,3.0,1.0,1.4516671652135156,0.06786921696041576,22.742885649183165,0.06380731444429888,0.35524753162332134,0.06750124447957047,0.0,5.0,0.011942128628711912,0.01130153982417658,5.0,1.3078969350211707,2.3346802907117152,-0.22668085903625207,-0.3928583287619784,-0.18811362788788374,0.1631470958537135,-1.9903421339981122,1.0448848222703997,0.7576669176334268,-0.25971322647655537,3.576844476776021,"agg_bias_mean, agg_dist_mean, agg_spurious_mean, agg_trunc_mean, agg_bias_std, agg_spurious_std, mean_spurious_ref_count, mean_spurious_residual_count, mean_spectral_gap, std_spectral_gap",True,,39
resolvent(beta=1),path_12,Reduced Rank,3.0,1.0,1.7739203432455166,0.059722104220715604,14.134924983202126,0.12549328722206815,0.3563800078402141,0.029770725853743928,1.0,5.0,0.01592341045383583,0.005217253803391873,5.0,1.8921100810290021,0.7898657632634409,-0.21726921725084836,0.8662729491555371,-0.25101411909683813,-0.25780350913430033,-0.7302694160712501,1.0448848222703997,0.7158352543221043,-0.3263009313151343,3.726731203128621,"agg_bias_mean, agg_dist_mean, agg_spurious_mean, agg_trunc_mean, agg_bias_std, agg_spurious_std, mean_spurious_ref_count, mean_spurious_residual_count, mean_spectral_gap, std_spectral_gap",True,,40
resolvent(beta=3),path_12,Reduced Rank,3.0,1.0,1.7463162322432475,0.0691170663150885,17.351679847643048,0.1006318561819515,0.4000596767062056,0.035127643549478685,0.2,5.0,0.014071594817601984,0.008261721000305604,5.0,1.8420665573937327,1.3671557670929249,0.14573831486290303,0.3588025466188732,-0.1784794986114818,-0.19803762658035642,-1.73832759041274,1.0448848222703997,0.7352924371120129,-0.2929816425101216,3.9103544663535437,"agg_bias_mean, agg_dist_mean, agg_spurious_mean, agg_trunc_mean, agg_bias_std, agg_spurious_std, mean_spurious_ref_count, mean_spurious_residual_count, mean_spectral_gap, std_spectral_gap",True,,41
resolvent(beta=10),cycle_12,Principal Components (kDMD),3.0,1.0,0.15364339815774297,0.0022910395629210166,21.81075554797267,0.007045600808248246,0.6810379485554887,0.06431610855538185,2.7,5.0,0.15960761908943275,0.03758018822972732,5.0,-1.0452918005427796,2.1673969842820506,2.48085741465555,-1.551475852470795,-0.694415639739285,0.1276112764934546,1.411854204404416,1.0448848222703997,-0.7938668222474259,0.02788582419396586,4.046373550745352,"agg_bias_mean, agg_dist_mean, agg_spurious_mean, agg_trunc_mean, agg_bias_std, agg_spurious_std, mean_spurious_ref_count, mean_spurious_residual_count, mean_spectral_gap, std_spectral_gap",True,,42
resolvent(beta=10),path_12,Reduced Rank,3.0,1.0,1.5030726106411052,0.07256654622347893,22.500157819957888,0.06678260921767763,0.4378670951810381,0.031135135160749807,0.9,5.0,0.007278788369042532,0.0033515531087509576,5.0,1.401089924392415,2.2911195111782905,0.4599434824489247,-0.33212674682385906,-0.1518474895077067,-0.24258111240736377,-0.8562766878639363,1.0448848222703997,0.8066650263374127,-0.3467195517987023,4.820881497686395,"agg_bias_mean, agg_dist_mean, agg_spurious_mean, agg_trunc_mean, agg_bias_std, agg_spurious_std, mean_spurious_ref_count, mean_spurious_residual_count, mean_spectral_gap, std_spectral_gap",True,,43
resolvent(beta=10),path_12,Principal Components (kDMD),3.0,1.0,0.15789899731154738,0.004705887277284793,21.383815162010272,0.007384011864518621,0.7263974067003911,0.04344472708808825,3.4,5.0,0.1407579565587298,0.04543674026213867,5.0,-1.0375768200886677,2.090776779313454,2.8578251295371553,-1.544568221342431,-0.6757715983124207,-0.10524586344468999,2.2939051069532193,1.0448848222703997,-0.5958118311286109,0.1138695807096847,4.865885468011574,"agg_bias_mean, agg_dist_mean, agg_spurious_mean, agg_trunc_mean, agg_bias_std, agg_spurious_std, mean_spurious_ref_count, mean_spurious_residual_count, mean_spectral_gap, std_spectral_gap",True,,44
