kernel,kind,method,trial,eigenfunction_id,spectral_bias,metric_distortion,truncation,residual_spurious_score,spectral_gap,gap,est_eig_real,est_eig_imag
rbf(gamma=0.5),N/A,Principal Components (kDMD),0,1,6.557173693645371e-05,7.990174734052255,8.206546054243633e-06,0.023221025122816152,0.05366914599870476,0.05366914599870476,0.999997644947795,0.0
rbf(gamma=0.5),N/A,Principal Components (kDMD),0,2,8.821148311916045e-05,10.74891708839506,8.206546054243633e-06,0.5103548543402323,0.05366914599870476,0.05366914599870476,0.9463284989490902,0.0
rbf(gamma=0.5),N/A,Principal Components (kDMD),0,3,0.00020734164083246198,25.265396606803286,8.206546054243633e-06,0.7665383088501306,0.05366914599870476,0.05366914599870476,0.7869953025863106,0.0
rbf(gamma=0.5),N/A,Principal Components (kDMD),0,4,0.0002618307416435329,31.90510842355406,8.206546054243633e-06,0.916978694751833,0.05366914599870476,0.05366914599870476,0.5871587810311586,0.0
rbf(gamma=0.5),N/A,Principal Components (kDMD),0,5,0.0005293956016111359,64.50894177793393,8.206546054243633e-06,0.9882117378334678,0.05366914599870476,0.05366914599870476,0.24976482836157116,0.0
rbf(gamma=0.5),N/A,Principal Components (kDMD),1,1,6.557170015633722e-05,7.990170252250015,8.206546054243633e-06,0.02322102512281561,0.05366914599870398,0.05366914599870398,0.9999976449477945,0.0
rbf(gamma=0.5),N/A,Principal Components (kDMD),1,2,8.821158055296483e-05,10.748928961088364,8.206546054243633e-06,0.5103548543402322,0.05366914599870398,0.05366914599870398,0.9463284989490905,0.0
rbf(gamma=0.5),N/A,Principal Components (kDMD),1,3,0.00020734164095273478,25.265396621459,8.206546054243633e-06,0.7665383088501302,0.05366914599870398,0.05366914599870398,0.7869953025863142,0.0
rbf(gamma=0.5),N/A,Principal Components (kDMD),1,4,0.0002618307342566182,31.905107523429376,8.206546054243633e-06,0.9169786947518332,0.05366914599870398,0.05366914599870398,0.5871587810311565,0.0
rbf(gamma=0.5),N/A,Principal Components (kDMD),1,5,0.0005293956049379397,64.50894218331808,8.206546054243633e-06,0.9882117378334685,0.05366914599870398,0.05366914599870398,0.24976482836156455,0.0
rbf(gamma=0.5),N/A,Principal Components (kDMD),2,1,6.557186705958995e-05,7.99019059006956,8.206546054243633e-06,0.02322102512281569,0.053669145998703316,0.053669145998703316,0.9999976449477946,0.0
rbf(gamma=0.5),N/A,Principal Components (kDMD),2,2,8.821149237336684e-05,10.748918216056603,8.206546054243633e-06,0.5103548543402324,0.053669145998703316,0.053669145998703316,0.9463284989490913,0.0
rbf(gamma=0.5),N/A,Principal Components (kDMD),2,3,0.00020734163757747174,25.265396210169886,8.206546054243633e-06,0.7665383088501311,0.053669145998703316,0.053669145998703316,0.7869953025863133,0.0
rbf(gamma=0.5),N/A,Principal Components (kDMD),2,4,0.0002618307410919141,31.90510835633713,8.206546054243633e-06,0.9169786947518328,0.053669145998703316,0.053669145998703316,0.5871587810311572,0.0
rbf(gamma=0.5),N/A,Principal Components (kDMD),2,5,0.0005293955980228911,64.50894134069213,8.206546054243633e-06,0.98821173783347,0.053669145998703316,0.053669145998703316,0.249764828361562,0.0
rbf(gamma=0.5),N/A,Principal Components (kDMD),3,1,6.557187037851916e-05,7.990190994494172,8.206546054243633e-06,0.02322102512281315,0.053669145998705425,0.053669145998705425,0.9999976449477949,0.0
rbf(gamma=0.5),N/A,Principal Components (kDMD),3,2,8.821140820639786e-05,10.748907959979514,8.206546054243633e-06,0.5103548543402322,0.053669145998705425,0.053669145998705425,0.9463284989490894,0.0
rbf(gamma=0.5),N/A,Principal Components (kDMD),3,3,0.00020734163551399046,25.265395958726558,8.206546054243633e-06,0.7665383088501329,0.053669145998705425,0.053669145998705425,0.786995302586311,0.0
rbf(gamma=0.5),N/A,Principal Components (kDMD),3,4,0.00026183073047160487,31.905107062210572,8.206546054243633e-06,0.916978694751834,0.053669145998705425,0.053669145998705425,0.5871587810311575,0.0
rbf(gamma=0.5),N/A,Principal Components (kDMD),3,5,0.0005293956064368352,64.50894236596442,8.206546054243633e-06,0.9882117378334685,0.053669145998705425,0.053669145998705425,0.24976482836156538,0.0
rbf(gamma=0.5),N/A,Principal Components (kDMD),4,1,6.557165463641022e-05,7.990164705467398,8.206546054243633e-06,0.023221025122814862,0.05366914599870687,0.05366914599870687,0.9999976449477961,0.0
rbf(gamma=0.5),N/A,Principal Components (kDMD),4,2,8.821151766348536e-05,10.74892129775728,8.206546054243633e-06,0.510354854340232,0.05366914599870687,0.05366914599870687,0.9463284989490892,0.0
rbf(gamma=0.5),N/A,Principal Components (kDMD),4,3,0.0002073416371326244,25.265396155963487,8.206546054243633e-06,0.7665383088501259,0.05366914599870687,0.05366914599870687,0.7869953025863148,0.0
rbf(gamma=0.5),N/A,Principal Components (kDMD),4,4,0.00026183074384083594,31.905108691304104,8.206546054243633e-06,0.9169786947518336,0.05366914599870687,0.05366914599870687,0.5871587810311564,0.0
rbf(gamma=0.5),N/A,Principal Components (kDMD),4,5,0.0005293955965374231,64.50894115968201,8.206546054243633e-06,0.9882117378334704,0.05366914599870687,0.05366914599870687,0.249764828361562,0.0
rbf(gamma=0.5),N/A,Reduced Rank,0,1,0.006465884602060103,8.007386050527845,0.0008074900549641756,0.020519260954453424,0.053238694075467996,0.053238694075467996,0.999997734116425,0.0
rbf(gamma=0.5),N/A,Reduced Rank,0,2,0.015714303011836264,19.460676840823048,0.0008074900549641756,0.5080693598038374,0.053238694075467996,0.053238694075467996,0.946759040040957,0.0
rbf(gamma=0.5),N/A,Reduced Rank,0,3,0.03171895848859781,39.280927726106825,0.0008074900549641756,0.7619878645750348,0.053238694075467996,0.053238694075467996,0.7912286457539168,0.0
rbf(gamma=0.5),N/A,Reduced Rank,0,4,0.05400975908948136,66.8859743317551,0.0008074900549641756,0.8801485386921177,0.053238694075467996,0.053238694075467996,0.6569617696802127,0.0
rbf(gamma=0.5),N/A,Reduced Rank,0,5,0.07005712485226635,86.75911786353139,0.0008074900549641756,0.985322240323121,0.053238694075467996,0.053238694075467996,0.25876651503059855,0.0
rbf(gamma=0.5),N/A,Reduced Rank,1,1,0.006465857833763194,8.00735290052588,0.0008074900549641756,0.020519254034059464,0.05323869407895887,0.05323869407895887,0.9999977341167933,0.0
rbf(gamma=0.5),N/A,Reduced Rank,1,2,0.01571430459493579,19.460678801341967,0.0008074900549641756,0.5080693598902501,0.05323869407895887,0.05323869407895887,0.9467590400378344,0.0
rbf(gamma=0.5),N/A,Reduced Rank,1,3,0.0317189597862677,39.28092933314816,0.0008074900549641756,0.7619878639611238,0.05323869407895887,0.05323869407895887,0.7912286458755642,0.0
rbf(gamma=0.5),N/A,Reduced Rank,1,4,0.05400975908642598,66.8859743279713,0.0008074900549641756,0.8801485379117185,0.05323869407895887,0.05323869407895887,0.6569617695643386,0.0
rbf(gamma=0.5),N/A,Reduced Rank,1,5,0.07005711712622588,86.75910829556157,0.0008074900549641756,0.9853222431518717,0.05323869407895887,0.05323869407895887,0.2587665132387681,0.0
rbf(gamma=0.5),N/A,Reduced Rank,2,1,0.006465875309575561,8.007374542665321,0.0008074900549641756,0.020519266531838692,0.053238694074616566,0.053238694074616566,0.9999977341161873,0.0
rbf(gamma=0.5),N/A,Reduced Rank,2,2,0.01571430363631883,19.4606776141856,0.0008074900549641756,0.5080693597978372,0.053238694074616566,0.053238694074616566,0.9467590400415707,0.0
rbf(gamma=0.5),N/A,Reduced Rank,2,3,0.031718957629338566,39.280926661995586,0.0008074900549641756,0.7619878651797335,0.053238694074616566,0.053238694074616566,0.7912286456135531,0.0
rbf(gamma=0.5),N/A,Reduced Rank,2,4,0.05400975902854305,66.88597425628876,0.0008074900549641756,0.8801485392865065,0.053238694074616566,0.053238694074616566,0.6569617698113142,0.0
rbf(gamma=0.5),N/A,Reduced Rank,2,5,0.07005714029727633,86.75913699071431,0.0008074900549641756,0.9853222373500432,0.053238694074616566,0.053238694074616566,0.2587665172017233,0.0
rbf(gamma=0.5),N/A,Reduced Rank,3,1,0.00646588437290163,8.007385766736768,0.0008074900549641756,0.02051926432381003,0.05323869407358295,0.05323869407358295,0.9999977341154774,0.0
rbf(gamma=0.5),N/A,Reduced Rank,3,2,0.01571430067251899,19.460673943800035,0.0008074900549641756,0.508069359816656,0.05323869407358295,0.05323869407358295,0.9467590400418945,0.0
rbf(gamma=0.5),N/A,Reduced Rank,3,3,0.03171895740423396,39.28092638322484,0.0008074900549641756,0.7619878647090393,0.05323869407358295,0.05323869407358295,0.7912286456308787,0.0
rbf(gamma=0.5),N/A,Reduced Rank,3,4,0.05400975902577659,66.88597425286277,0.0008074900549641756,0.8801485387988409,0.05323869407358295,0.05323869407358295,0.6569617697645505,0.0
rbf(gamma=0.5),N/A,Reduced Rank,3,5,0.07005714240215735,86.75913959741021,0.0008074900549641756,0.9853222388782081,0.05323869407358295,0.05323869407358295,0.25876651630869923,0.0
rbf(gamma=0.5),N/A,Reduced Rank,4,1,0.006465877907108507,8.007377759464006,0.0008074900549641756,0.020519244622409536,0.053238694078160176,0.053238694078160176,0.9999977341164199,0.0
rbf(gamma=0.5),N/A,Reduced Rank,4,2,0.015714300489292468,19.460673716891332,0.0008074900549641756,0.5080693598426859,0.053238694078160176,0.053238694078160176,0.9467590400382597,0.0
rbf(gamma=0.5),N/A,Reduced Rank,4,3,0.031718961140011534,39.28093100963176,0.0008074900549641756,0.7619878638149441,0.053238694078160176,0.053238694078160176,0.791228645856427,0.0
rbf(gamma=0.5),N/A,Reduced Rank,4,4,0.0540097591413727,66.88597439601762,0.0008074900549641756,0.8801485380123837,0.053238694078160176,0.053238694078160176,0.6569617695776562,0.0
rbf(gamma=0.5),N/A,Reduced Rank,4,5,0.07005709349779239,86.75907903398326,0.0008074900549641756,0.9853222456983153,0.053238694078160176,0.053238694078160176,0.2587665110825267,0.0
rbf(gamma=1),N/A,Principal Components (kDMD),0,1,0.0011989206046390275,8.143474828676945,0.0001472246958285022,0.055496555781516535,0.053700577916307335,0.053700577916307335,0.9999928529198764,0.0
rbf(gamma=1),N/A,Principal Components (kDMD),0,2,0.0014012176533052167,9.517544902503685,0.0001472246958285022,0.5101061340151114,0.053700577916307335,0.053700577916307335,0.946292275003569,0.0
rbf(gamma=1),N/A,Principal Components (kDMD),0,3,0.0020876152025749604,14.179789544321851,0.0001472246958285022,0.7672026794099669,0.053700577916307335,0.053700577916307335,0.7873553408048459,0.0
rbf(gamma=1),N/A,Principal Components (kDMD),0,4,0.003136328433980783,21.30300501781441,0.0001472246958285022,0.9009614838617933,0.053700577916307335,0.053700577916307335,0.6240391402061471,0.0
rbf(gamma=1),N/A,Principal Components (kDMD),0,5,0.005457478761780161,37.06904423247999,0.0001472246958285022,0.985351123045675,0.053700577916307335,0.053700577916307335,0.2687687000929432,0.0
rbf(gamma=1),N/A,Principal Components (kDMD),1,1,0.00119895431754274,8.143703818137734,0.0001472246958285022,0.05549655578151734,0.05370057791630756,0.05370057791630756,0.9999928529198764,0.0
rbf(gamma=1),N/A,Principal Components (kDMD),1,2,0.001401226679969245,9.517606214663152,0.0001472246958285022,0.5101061340151113,0.05370057791630756,0.05370057791630756,0.9462922750035688,0.0
rbf(gamma=1),N/A,Principal Components (kDMD),1,3,0.0020876153344320733,14.179790439940021,0.0001472246958285022,0.7672026794099673,0.05370057791630756,0.05370057791630756,0.7873553408048497,0.0
rbf(gamma=1),N/A,Principal Components (kDMD),1,4,0.0031363649700222505,21.303253182983045,0.0001472246958285022,0.9009614838617931,0.05370057791630756,0.05370057791630756,0.6240391402061489,0.0
rbf(gamma=1),N/A,Principal Components (kDMD),1,5,0.005457478501551995,37.06904246492215,0.0001472246958285022,0.9853511230456748,0.05370057791630756,0.05370057791630756,0.2687687000929442,0.0
rbf(gamma=1),N/A,Principal Components (kDMD),2,1,0.0011989509797119427,8.143681146460414,0.0001472246958285022,0.055496555781516924,0.05370057791630867,0.05370057791630867,0.9999928529198772,0.0
rbf(gamma=1),N/A,Principal Components (kDMD),2,2,0.0014012049833995192,9.517458844212811,0.0001472246958285022,0.5101061340151114,0.05370057791630867,0.05370057791630867,0.9462922750035685,0.0
rbf(gamma=1),N/A,Principal Components (kDMD),2,3,0.0020876095481988173,14.179751137883914,0.0001472246958285022,0.7672026794099669,0.05370057791630867,0.05370057791630867,0.7873553408048487,0.0
rbf(gamma=1),N/A,Principal Components (kDMD),2,4,0.0031363430008984504,21.303103961253115,0.0001472246958285022,0.9009614838617931,0.05370057791630867,0.05370057791630867,0.6240391402061487,0.0
rbf(gamma=1),N/A,Principal Components (kDMD),2,5,0.0054574758165784176,37.069024227672195,0.0001472246958285022,0.9853511230456748,0.05370057791630867,0.05370057791630867,0.26876870009294435,0.0
rbf(gamma=1),N/A,Principal Components (kDMD),3,1,0.0011989495911659614,8.1436717149858,0.0001472246958285022,0.05549655578151669,0.053700577916307446,0.053700577916307446,0.9999928529198765,0.0
rbf(gamma=1),N/A,Principal Components (kDMD),3,2,0.001401207203230313,9.517473922055432,0.0001472246958285022,0.5101061340151114,0.053700577916307446,0.053700577916307446,0.946292275003569,0.0
rbf(gamma=1),N/A,Principal Components (kDMD),3,3,0.0020876139288359265,14.179780892654907,0.0001472246958285022,0.7672026794099667,0.053700577916307446,0.053700577916307446,0.7873553408048505,0.0
rbf(gamma=1),N/A,Principal Components (kDMD),3,4,0.0031363460221310556,21.30312448248828,0.0001472246958285022,0.9009614838617931,0.053700577916307446,0.053700577916307446,0.6240391402061487,0.0
rbf(gamma=1),N/A,Principal Components (kDMD),3,5,0.005457474794891177,37.0690172880264,0.0001472246958285022,0.9853511230456748,0.053700577916307446,0.053700577916307446,0.26876870009294446,0.0
rbf(gamma=1),N/A,Principal Components (kDMD),4,1,0.0011989083311405653,8.143391462918279,0.0001472246958285022,0.05549655578151703,0.053700577916307224,0.053700577916307224,0.9999928529198763,0.0
rbf(gamma=1),N/A,Principal Components (kDMD),4,2,0.0014012234159825271,9.517584044559833,0.0001472246958285022,0.5101061340151113,0.053700577916307224,0.053700577916307224,0.946292275003569,0.0
rbf(gamma=1),N/A,Principal Components (kDMD),4,3,0.002087615237553326,14.179789781906758,0.0001472246958285022,0.7672026794099666,0.053700577916307224,0.053700577916307224,0.7873553408048489,0.0
rbf(gamma=1),N/A,Principal Components (kDMD),4,4,0.0031363437003230185,21.303108711981682,0.0001472246958285022,0.9009614838617934,0.053700577916307224,0.053700577916307224,0.6240391402061478,0.0
rbf(gamma=1),N/A,Principal Components (kDMD),4,5,0.005457476470815226,37.06902867147019,0.0001472246958285022,0.985351123045675,0.053700577916307224,0.053700577916307224,0.2687687000929438,0.0
rbf(gamma=1),N/A,Reduced Rank,0,1,0.3067350231840303,8.342969927863889,0.036765687259592686,0.021656191767115574,0.05238192597163027,0.05238192597163027,0.9999974102937127,0.0
rbf(gamma=1),N/A,Reduced Rank,0,2,0.92423110699487,25.138415078959937,0.036765687259592686,0.5058507782803764,0.05238192597163027,0.05238192597163027,0.9476154843220824,0.0
rbf(gamma=1),N/A,Reduced Rank,0,3,1.3567479855043505,36.90256014867112,0.036765687259592686,0.7603405508961478,0.05238192597163027,0.05238192597163027,0.7963316368126543,0.0
rbf(gamma=1),N/A,Reduced Rank,0,4,1.4569285567990453,39.62739895250869,0.036765687259592686,0.8698492450789748,0.05238192597163027,0.05238192597163027,0.6777725987606442,0.0
rbf(gamma=1),N/A,Reduced Rank,0,5,2.1664564116040523,58.92604145564539,0.036765687259592686,0.980336084342735,0.05238192597163027,0.05238192597163027,0.28310806907737474,0.0
rbf(gamma=1),N/A,Reduced Rank,1,1,0.306734025920746,8.342942803026611,0.036765687259592686,0.02165618011523997,0.05238192597320512,0.05238192597320512,0.9999974102945433,0.0
rbf(gamma=1),N/A,Reduced Rank,1,2,0.9242307674025726,25.138405842296006,0.036765687259592686,0.5058507782867135,0.05238192597320512,0.05238192597320512,0.9476154843213381,0.0
rbf(gamma=1),N/A,Reduced Rank,1,3,1.3567479630814339,36.90255953878407,0.036765687259592686,0.7603405506697881,0.05238192597320512,0.05238192597320512,0.7963316368112574,0.0
rbf(gamma=1),N/A,Reduced Rank,1,4,1.456928514715145,39.62739780785716,0.036765687259592686,0.8698492450737442,0.05238192597320512,0.05238192597320512,0.677772598766824,0.0
rbf(gamma=1),N/A,Reduced Rank,1,5,2.1664565306257697,58.92604469294969,0.036765687259592686,0.9803360859133252,0.05238192597320512,0.05238192597320512,0.28310806739327343,0.0
rbf(gamma=1),N/A,Reduced Rank,2,1,0.3067219299826283,8.342613802291979,0.036765687259592686,0.021656190451950087,0.052381925971546894,0.052381925971546894,0.999997410293226,0.0
rbf(gamma=1),N/A,Reduced Rank,2,2,0.924230745229877,25.138405239214784,0.036765687259592686,0.5058507782947568,0.052381925971546894,0.052381925971546894,0.9476154843216791,0.0
rbf(gamma=1),N/A,Reduced Rank,2,3,1.3567479081208487,36.90255804389605,0.036765687259592686,0.7603405508339073,0.052381925971546894,0.052381925971546894,0.7963316367622975,0.0
rbf(gamma=1),N/A,Reduced Rank,2,4,1.4569282799366987,39.627391422053876,0.036765687259592686,0.8698492449936751,0.052381925971546894,0.052381925971546894,0.6777725987806557,0.0
rbf(gamma=1),N/A,Reduced Rank,2,5,2.1664564786257547,58.926043278587045,0.036765687259592686,0.9803360845877102,0.052381925971546894,0.052381925971546894,0.2831080688978246,0.0
rbf(gamma=1),N/A,Reduced Rank,3,1,0.30671837961201875,8.34251723478912,0.036765687259592686,0.021656186192095982,0.05238192597204039,0.05238192597204039,0.9999974102942372,0.0
rbf(gamma=1),N/A,Reduced Rank,3,2,0.9242311758703488,25.138416952322952,0.036765687259592686,0.5058507782762761,0.05238192597204039,0.05238192597204039,0.9476154843221968,0.0
rbf(gamma=1),N/A,Reduced Rank,3,3,1.3567481001108077,36.90256326588354,0.036765687259592686,0.7603405507985614,0.05238192597204039,0.05238192597204039,0.7963316367797576,0.0
rbf(gamma=1),N/A,Reduced Rank,3,4,1.456928363800687,39.62739370309347,0.036765687259592686,0.869849245009741,0.05238192597204039,0.05238192597204039,0.6777725987936953,0.0
rbf(gamma=1),N/A,Reduced Rank,3,5,2.166456446575839,58.92604240685261,0.036765687259592686,0.9803360851117625,0.05238192597204039,0.05238192597204039,0.28310806823282997,0.0
rbf(gamma=1),N/A,Reduced Rank,4,1,0.30672852894706704,8.342793289333581,0.036765687259592686,0.02165619231754484,0.052381925971919374,0.052381925971919374,0.9999974102936499,0.0
rbf(gamma=1),N/A,Reduced Rank,4,2,0.9242310386118247,25.138413218990753,0.036765687259592686,0.5058507782759231,0.052381925971919374,0.052381925971919374,0.9476154843217305,0.0
rbf(gamma=1),N/A,Reduced Rank,4,3,1.3567480081945682,36.90256076582857,0.036765687259592686,0.7603405508911689,0.052381925971919374,0.052381925971919374,0.7963316368081196,0.0
rbf(gamma=1),N/A,Reduced Rank,4,4,1.4569283906180375,39.62739443250593,0.036765687259592686,0.8698492449477653,0.052381925971919374,0.052381925971919374,0.6777725987412608,0.0
rbf(gamma=1),N/A,Reduced Rank,4,5,2.166456594810661,58.92604643873213,0.036765687259592686,0.9803360843341448,0.052381925971919374,0.052381925971919374,0.283108069044375,0.0
rbf(gamma=2.5),N/A,Principal Components (kDMD),0,1,0.027271738682563208,8.477531579865,0.0032169433313980643,0.15169565383204264,0.055700231872156225,0.055700231872156225,0.9998120275760551,0.0
rbf(gamma=2.5),N/A,Principal Components (kDMD),0,2,0.029990405062708426,9.322640150355019,0.0032169433313980643,0.5167107475366943,0.055700231872156225,0.055700231872156225,0.9441117957038989,0.0
rbf(gamma=2.5),N/A,Principal Components (kDMD),0,3,0.03736671796664073,11.615597204319226,0.0032169433313980643,0.7658650208862703,0.055700231872156225,0.055700231872156225,0.7928258163248517,0.0
rbf(gamma=2.5),N/A,Principal Components (kDMD),0,4,0.04590486533631248,14.269715256800158,0.0032169433313980643,0.8733577406246517,0.055700231872156225,0.055700231872156225,0.6726914281537494,0.0
rbf(gamma=2.5),N/A,Principal Components (kDMD),0,5,0.06640675223402448,20.64281070352722,0.0032169433313980643,0.9798890042846639,0.055700231872156225,0.055700231872156225,0.2816704875864801,0.0
rbf(gamma=2.5),N/A,Principal Components (kDMD),1,1,0.02727158891618797,8.477485024374333,0.0032169433313980643,0.15169565383204306,0.055700231872156225,0.055700231872156225,0.9998120275760554,0.0
rbf(gamma=2.5),N/A,Principal Components (kDMD),1,2,0.029990547789770124,9.322684517646262,0.0032169433313980643,0.5167107475366942,0.055700231872156225,0.055700231872156225,0.9441117957038991,0.0
rbf(gamma=2.5),N/A,Principal Components (kDMD),1,3,0.03736669760958796,11.61559087624606,0.0032169433313980643,0.7658650208862704,0.055700231872156225,0.055700231872156225,0.7928258163248515,0.0
rbf(gamma=2.5),N/A,Principal Components (kDMD),1,4,0.04590484500513637,14.269708936770856,0.0032169433313980643,0.8733577406246513,0.055700231872156225,0.055700231872156225,0.6726914281537486,0.0
rbf(gamma=2.5),N/A,Principal Components (kDMD),1,5,0.0664067424231229,20.642807653768315,0.0032169433313980643,0.9798890042846639,0.055700231872156225,0.055700231872156225,0.2816704875864799,0.0
rbf(gamma=2.5),N/A,Principal Components (kDMD),2,1,0.027271700425139035,8.477519687388126,0.0032169433313980643,0.1516956538320419,0.055700231872156,0.055700231872156,0.9998120275760555,0.0
rbf(gamma=2.5),N/A,Principal Components (kDMD),2,2,0.029990427884570642,9.322647244624289,0.0032169433313980643,0.5167107475366941,0.055700231872156,0.055700231872156,0.9441117957038995,0.0
rbf(gamma=2.5),N/A,Principal Components (kDMD),2,3,0.03736671289140499,11.615595626661424,0.0032169433313980643,0.7658650208862704,0.055700231872156,0.055700231872156,0.7928258163248515,0.0
rbf(gamma=2.5),N/A,Principal Components (kDMD),2,4,0.04590495207049289,14.269742218475098,0.0032169433313980643,0.8733577406246517,0.055700231872156,0.055700231872156,0.6726914281537494,0.0
rbf(gamma=2.5),N/A,Principal Components (kDMD),2,5,0.0664067545684691,20.642811429198886,0.0032169433313980643,0.9798890042846641,0.055700231872156,0.055700231872156,0.2816704875864801,0.0
rbf(gamma=2.5),N/A,Principal Components (kDMD),3,1,0.027271610434460736,8.477491713417487,0.0032169433313980643,0.15169565383204237,0.05570023187215789,0.05570023187215789,0.9998120275760569,0.0
rbf(gamma=2.5),N/A,Principal Components (kDMD),3,2,0.029990390229967044,9.322635539536657,0.0032169433313980643,0.5167107475366947,0.05570023187215789,0.05570023187215789,0.944111795703899,0.0
rbf(gamma=2.5),N/A,Principal Components (kDMD),3,3,0.03736676305479004,11.615611220154962,0.0032169433313980643,0.7658650208862705,0.05570023187215789,0.05570023187215789,0.7928258163248537,0.0
rbf(gamma=2.5),N/A,Principal Components (kDMD),3,4,0.04590490738643113,14.269728328251631,0.0032169433313980643,0.8733577406246511,0.05570023187215789,0.05570023187215789,0.6726914281537496,0.0
rbf(gamma=2.5),N/A,Principal Components (kDMD),3,5,0.0664067278486785,20.642803123242626,0.0032169433313980643,0.9798890042846641,0.05570023187215789,0.05570023187215789,0.2816704875864802,0.0
rbf(gamma=2.5),N/A,Principal Components (kDMD),4,1,0.027271648379228196,8.477503508703743,0.0032169433313980643,0.15169565383204303,0.05570023187215578,0.05570023187215578,0.9998120275760546,0.0
rbf(gamma=2.5),N/A,Principal Components (kDMD),4,2,0.029990450976080583,9.322654422714656,0.0032169433313980643,0.5167107475366943,0.05570023187215578,0.05570023187215578,0.9441117957038988,0.0
rbf(gamma=2.5),N/A,Principal Components (kDMD),4,3,0.03736675294762825,11.615608078302357,0.0032169433313980643,0.7658650208862704,0.05570023187215578,0.05570023187215578,0.7928258163248499,0.0
rbf(gamma=2.5),N/A,Principal Components (kDMD),4,4,0.0459049390277441,14.26973816408326,0.0032169433313980643,0.8733577406246512,0.05570023187215578,0.05570023187215578,0.6726914281537497,0.0
rbf(gamma=2.5),N/A,Principal Components (kDMD),4,5,0.06640675861755069,20.642812687872468,0.0032169433313980643,0.9798890042846639,0.05570023187215578,0.05570023187215578,0.2816704875864798,0.0
rbf(gamma=2.5),N/A,Reduced Rank,0,1,2.5321137321347864,8.980300701089092,0.2819631342442356,0.042953183511281266,0.04962818749681075,0.04962818749681075,0.9999931780937149,0.0
rbf(gamma=2.5),N/A,Reduced Rank,0,2,8.058291849318936,28.579239165141598,0.2819631342442356,0.5007976558813595,0.04962818749681075,0.04962818749681075,0.9503649905969042,0.0
rbf(gamma=2.5),N/A,Reduced Rank,0,3,7.210342084079024,25.571931959847802,0.2819631342442356,0.7536847882114923,0.04962818749681075,0.04962818749681075,0.8011335198466523,0.0
rbf(gamma=2.5),N/A,Reduced Rank,0,4,7.460336103552266,26.45855148244361,0.2819631342442356,0.8631383691367126,0.04962818749681075,0.04962818749681075,0.6870981577970697,0.0
rbf(gamma=2.5),N/A,Reduced Rank,0,5,14.157412460494413,50.21015424034586,0.2819631342442356,0.9785910656537679,0.04962818749681075,0.04962818749681075,0.2920845872200558,0.0
rbf(gamma=2.5),N/A,Reduced Rank,1,1,2.532124266099018,8.980338060456159,0.2819631342442356,0.04295318406956353,0.0496281874973733,0.0496281874973733,0.9999931780936663,0.0
rbf(gamma=2.5),N/A,Reduced Rank,1,2,8.058292096803727,28.579240042861986,0.2819631342442356,0.5007976558837673,0.0496281874973733,0.0496281874973733,0.950364990596293,0.0
rbf(gamma=2.5),N/A,Reduced Rank,1,3,7.21034130892387,25.571929210711268,0.2819631342442356,0.753684788229977,0.0496281874973733,0.0496281874973733,0.8011335198572213,0.0
rbf(gamma=2.5),N/A,Reduced Rank,1,4,7.460336823468134,26.45855403567054,0.2819631342442356,0.8631383691610869,0.0496281874973733,0.0496281874973733,0.6870981577902037,0.0
rbf(gamma=2.5),N/A,Reduced Rank,1,5,14.15741230364432,50.21015368406713,0.2819631342442356,0.9785910656194973,0.0496281874973733,0.0496281874973733,0.29208458717533486,0.0
rbf(gamma=2.5),N/A,Reduced Rank,2,1,2.5321292470109187,8.980355725573672,0.2819631342442356,0.042953183858048104,0.049628187498886644,0.049628187498886644,0.999993178092696,0.0
rbf(gamma=2.5),N/A,Reduced Rank,2,2,8.05829122417275,28.57923694802131,0.2819631342442356,0.5007976558841337,0.049628187498886644,0.049628187498886644,0.9503649905938093,0.0
rbf(gamma=2.5),N/A,Reduced Rank,2,3,7.210341331442144,25.571929290573742,0.2819631342442356,0.7536847882259474,0.049628187498886644,0.049628187498886644,0.8011335198520237,0.0
rbf(gamma=2.5),N/A,Reduced Rank,2,4,7.460336457295631,26.458552737016717,0.2819631342442356,0.8631383691247514,0.049628187498886644,0.049628187498886644,0.687098157795879,0.0
rbf(gamma=2.5),N/A,Reduced Rank,2,5,14.157412408533126,50.21015405606188,0.2819631342442356,0.9785910656786561,0.049628187498886644,0.049628187498886644,0.2920845871319322,0.0
rbf(gamma=2.5),N/A,Reduced Rank,3,1,2.5321218390397275,8.980329452737646,0.2819631342442356,0.04295318396787888,0.049628187498602205,0.049628187498602205,0.999993178094803,0.0
rbf(gamma=2.5),N/A,Reduced Rank,3,2,8.05829123737313,28.579236994837288,0.2819631342442356,0.5007976558807258,0.049628187498602205,0.049628187498602205,0.9503649905962008,0.0
rbf(gamma=2.5),N/A,Reduced Rank,3,3,7.21034154212814,25.571930037784888,0.2819631342442356,0.7536847882186382,0.049628187498602205,0.049628187498602205,0.8011335198483756,0.0
rbf(gamma=2.5),N/A,Reduced Rank,3,4,7.460336483499073,26.45855282994887,0.2819631342442356,0.8631383691431602,0.049628187498602205,0.049628187498602205,0.6870981577952081,0.0
rbf(gamma=2.5),N/A,Reduced Rank,3,5,14.157412381531827,50.210153960300076,0.2819631342442356,0.9785910656409197,0.049628187498602205,0.049628187498602205,0.2920845871899531,0.0
rbf(gamma=2.5),N/A,Reduced Rank,4,1,2.5321123130680574,8.980295668279632,0.2819631342442356,0.0429531836136286,0.04962818749754516,0.04962818749754516,0.9999931780936581,0.0
rbf(gamma=2.5),N/A,Reduced Rank,4,2,8.058291255016254,28.57923705740974,0.2819631342442356,0.5007976558843598,0.04962818749754516,0.04962818749754516,0.9503649905961129,0.0
rbf(gamma=2.5),N/A,Reduced Rank,4,3,7.21034164131087,25.57193038954268,0.2819631342442356,0.7536847882108756,0.04962818749754516,0.04962818749754516,0.8011335198434116,0.0
rbf(gamma=2.5),N/A,Reduced Rank,4,4,7.460337038861784,26.458554799577676,0.2819631342442356,0.8631383691341347,0.04962818749754516,0.04962818749754516,0.6870981577967658,0.0
rbf(gamma=2.5),N/A,Reduced Rank,4,5,14.157412396338092,50.21015401281143,0.2819631342442356,0.9785910656834609,0.04962818749754516,0.04962818749754516,0.29208458719723784,0.0
rbf(gamma=5),N/A,Principal Components (kDMD),0,1,0.13962707405932884,8.850149298072049,0.01577680436303439,0.2618592827723259,0.06163052691904858,0.06163052691904858,0.9985216939282114,0.0
rbf(gamma=5),N/A,Principal Components (kDMD),0,2,0.1480772144699839,9.385754621952088,0.01577680436303439,0.5423971254931774,0.06163052691904858,0.06163052691904858,0.9368911670091629,0.0
rbf(gamma=5),N/A,Principal Components (kDMD),0,3,0.1708973334096154,10.832189426778589,0.01577680436303439,0.7598462620411434,0.06163052691904858,0.06163052691904858,0.7993380892851155,0.0
rbf(gamma=5),N/A,Principal Components (kDMD),0,4,0.18867355833357136,11.958921083894541,0.01577680436303439,0.8629120288719593,0.06163052691904858,0.06163052691904858,0.6875217920809297,0.0
rbf(gamma=5),N/A,Principal Components (kDMD),0,5,0.24206589151545804,15.34315099213799,0.01577680436303439,0.9778006484354405,0.06163052691904858,0.06163052691904858,0.26915972864970006,0.0
rbf(gamma=5),N/A,Principal Components (kDMD),1,1,0.13962666583634661,8.850123423188084,0.01577680436303439,0.26185928277232595,0.0616305269190478,0.0616305269190478,0.9985216939282119,0.0
rbf(gamma=5),N/A,Principal Components (kDMD),1,2,0.14807723292815683,9.385755791908469,0.01577680436303439,0.5423971254931771,0.0616305269190478,0.0616305269190478,0.9368911670091641,0.0
rbf(gamma=5),N/A,Principal Components (kDMD),1,3,0.17089744165663492,10.832196287928477,0.01577680436303439,0.7598462620411437,0.0616305269190478,0.0616305269190478,0.7993380892851156,0.0
rbf(gamma=5),N/A,Principal Components (kDMD),1,4,0.1886735804450313,11.958922485411568,0.01577680436303439,0.8629120288719594,0.0616305269190478,0.0616305269190478,0.6875217920809287,0.0
rbf(gamma=5),N/A,Principal Components (kDMD),1,5,0.24206574564997863,15.343141746572407,0.01577680436303439,0.9778006484354401,0.0616305269190478,0.0616305269190478,0.26915972864969967,0.0
rbf(gamma=5),N/A,Principal Components (kDMD),2,1,0.13962652656259825,8.85011459543405,0.01577680436303439,0.26185928277232573,0.06163052691904636,0.06163052691904636,0.9985216939282107,0.0
rbf(gamma=5),N/A,Principal Components (kDMD),2,2,0.1480783861328481,9.385828886856263,0.01577680436303439,0.5423971254931773,0.06163052691904636,0.06163052691904636,0.9368911670091643,0.0
rbf(gamma=5),N/A,Principal Components (kDMD),2,3,0.17089741660474325,10.832194700034561,0.01577680436303439,0.7598462620411437,0.06163052691904636,0.06163052691904636,0.7993380892851161,0.0
rbf(gamma=5),N/A,Principal Components (kDMD),2,4,0.18867385000117398,11.958939571009925,0.01577680436303439,0.8629120288719591,0.06163052691904636,0.06163052691904636,0.687521792080929,0.0
rbf(gamma=5),N/A,Principal Components (kDMD),2,5,0.24206563869356473,15.343134967226511,0.01577680436303439,0.9778006484354405,0.06163052691904636,0.06163052691904636,0.2691597286496997,0.0
rbf(gamma=5),N/A,Principal Components (kDMD),3,1,0.1396272498143849,8.850160438164302,0.01577680436303439,0.2618592827723262,0.06163052691904858,0.06163052691904858,0.9985216939282122,0.0
rbf(gamma=5),N/A,Principal Components (kDMD),3,2,0.1480783383038429,9.385825855253405,0.01577680436303439,0.542397125493177,0.06163052691904858,0.06163052691904858,0.9368911670091636,0.0
rbf(gamma=5),N/A,Principal Components (kDMD),3,3,0.17089721205545558,10.832181734843198,0.01577680436303439,0.7598462620411435,0.06163052691904858,0.06163052691904858,0.799338089285115,0.0
rbf(gamma=5),N/A,Principal Components (kDMD),3,4,0.18867324269537591,11.958901077422498,0.01577680436303439,0.8629120288719594,0.06163052691904858,0.06163052691904858,0.6875217920809287,0.0
rbf(gamma=5),N/A,Principal Components (kDMD),3,5,0.24206563113389837,15.343134488063166,0.01577680436303439,0.9778006484354405,0.06163052691904858,0.06163052691904858,0.2691597286496993,0.0
rbf(gamma=5),N/A,Principal Components (kDMD),4,1,0.13962668000253403,8.85012432110043,0.01577680436303439,0.2618592827723259,0.061630526919047024,0.061630526919047024,0.9985216939282111,0.0
rbf(gamma=5),N/A,Principal Components (kDMD),4,2,0.14807752837037758,9.385774518274973,0.01577680436303439,0.542397125493177,0.061630526919047024,0.061630526919047024,0.9368911670091641,0.0
rbf(gamma=5),N/A,Principal Components (kDMD),4,3,0.17089705913590708,10.832172042161146,0.01577680436303439,0.7598462620411435,0.061630526919047024,0.061630526919047024,0.7993380892851151,0.0
rbf(gamma=5),N/A,Principal Components (kDMD),4,4,0.1886735215806531,11.958918754340507,0.01577680436303439,0.8629120288719594,0.061630526919047024,0.061630526919047024,0.6875217920809288,0.0
rbf(gamma=5),N/A,Principal Components (kDMD),4,5,0.24206559417104748,15.343132145202722,0.01577680436303439,0.9778006484354405,0.061630526919047024,0.061630526919047024,0.2691597286496993,0.0
rbf(gamma=5),N/A,Reduced Rank,0,1,22.668224169651097,9.7501918188378,2.3249003292278916,0.07703208962163227,0.04853952670319883,0.04853952670319883,0.9999760794856555,0.0
rbf(gamma=5),N/A,Reduced Rank,0,2,39.18036242414515,16.852491236541354,2.3249003292278916,0.49775484663566316,0.04853952670319883,0.04853952670319883,0.9514365527824566,0.0
rbf(gamma=5),N/A,Reduced Rank,0,3,62.915586080433826,27.06162724030769,2.3249003292278916,0.7532013148991985,0.04853952670319883,0.04853952670319883,0.8020605745366849,0.0
rbf(gamma=5),N/A,Reduced Rank,0,4,98.44720842518927,42.34470062546035,2.3249003292278916,0.8601855488410485,0.04853952670319883,0.04853952670319883,0.6905958059180388,0.0
rbf(gamma=5),N/A,Reduced Rank,0,5,123.56283410581997,53.1475833834372,2.3249003292278916,0.9765213713226247,0.04853952670319883,0.04853952670319883,0.2909731523666906,0.0
rbf(gamma=5),N/A,Reduced Rank,1,1,22.66816860334329,9.750167918325976,2.3249003292278916,0.07703208964699627,0.04853952670441908,0.04853952670441908,0.9999760794849512,0.0
rbf(gamma=5),N/A,Reduced Rank,1,2,39.18038648984458,16.852501587823568,2.3249003292278916,0.4977548466303916,0.04853952670441908,0.04853952670441908,0.9514365527805321,0.0
rbf(gamma=5),N/A,Reduced Rank,1,3,62.91558352373152,27.06162614060364,2.3249003292278916,0.7532013148953973,0.04853952670441908,0.04853952670441908,0.8020605745326616,0.0
rbf(gamma=5),N/A,Reduced Rank,1,4,98.44720837407436,42.3447006034745,2.3249003292278916,0.8601855488364205,0.04853952670441908,0.04853952670441908,0.6905958059208906,0.0
rbf(gamma=5),N/A,Reduced Rank,1,5,123.56283203024081,53.14758249067671,2.3249003292278916,0.9765213713232788,0.04853952670441908,0.04853952670441908,0.29097315237938703,0.0
rbf(gamma=5),N/A,Reduced Rank,2,1,22.66829483539306,9.750222214008327,2.3249003292278916,0.07703208962883279,0.04853952670576789,0.04853952670576789,0.9999760794859885,0.0
rbf(gamma=5),N/A,Reduced Rank,2,2,39.18039333659156,16.852504532787226,2.3249003292278916,0.4977548466324271,0.04853952670576789,0.04853952670576789,0.9514365527802207,0.0
rbf(gamma=5),N/A,Reduced Rank,2,3,62.91558589593818,27.06162716095132,2.3249003292278916,0.7532013148968498,0.04853952670576789,0.04853952670576789,0.8020605745329238,0.0
rbf(gamma=5),N/A,Reduced Rank,2,4,98.44720672544031,42.344699894354186,2.3249003292278916,0.8601855488336035,0.04853952670576789,0.04853952670576789,0.6905958059226448,0.0
rbf(gamma=5),N/A,Reduced Rank,2,5,123.56283453218445,53.147583566827635,2.3249003292278916,0.9765213713290519,0.04853952670576789,0.04853952670576789,0.2909731523636214,0.0
rbf(gamma=5),N/A,Reduced Rank,3,1,22.668341895445376,9.750242455758789,2.3249003292278916,0.07703208962785958,0.04853952670564465,0.04853952670564465,0.9999760794876809,0.0
rbf(gamma=5),N/A,Reduced Rank,3,2,39.18039079505889,16.852503439608032,2.3249003292278916,0.49775484663293773,0.04853952670564465,0.04853952670564465,0.9514365527820362,0.0
rbf(gamma=5),N/A,Reduced Rank,3,3,62.91558880635295,27.061628412796285,2.3249003292278916,0.7532013148996197,0.04853952670564465,0.04853952670564465,0.8020605745351015,0.0
rbf(gamma=5),N/A,Reduced Rank,3,4,98.44720852172104,42.34470066698117,2.3249003292278916,0.860185548838407,0.04853952670564465,0.04853952670564465,0.6905958059204442,0.0
rbf(gamma=5),N/A,Reduced Rank,3,5,123.56283274034595,53.14758279611137,2.3249003292278916,0.9765213713216867,0.04853952670564465,0.04853952670564465,0.29097315237119703,0.0
rbf(gamma=5),N/A,Reduced Rank,4,1,22.668483186344393,9.750303228643219,2.3249003292278916,0.07703208962305089,0.04853952670373873,0.04853952670373873,0.9999760794855358,0.0
rbf(gamma=5),N/A,Reduced Rank,4,2,39.1804003554816,16.852507551794087,2.3249003292278916,0.49775484663384134,0.04853952670373873,0.04853952670373873,0.9514365527817971,0.0
rbf(gamma=5),N/A,Reduced Rank,4,3,62.915584740653756,27.061626664033493,2.3249003292278916,0.7532013148943151,0.04853952670373873,0.04853952670373873,0.8020605745332569,0.0
rbf(gamma=5),N/A,Reduced Rank,4,4,98.44720891002966,42.344700834002786,2.3249003292278916,0.8601855488366313,0.04853952670373873,0.04853952670373873,0.6905958059219,0.0
rbf(gamma=5),N/A,Reduced Rank,4,5,123.56283493071228,53.147583738244805,2.3249003292278916,0.976521371325485,0.04853952670373873,0.04853952670373873,0.2909731523815433,0.0
rbf(gamma=12.5),N/A,Principal Components (kDMD),0,1,0.48013236997941855,9.52517814041894,0.05040665517236207,0.3981785209415973,0.0710273117164123,0.0710273117164123,0.9928785781607005,0.0
rbf(gamma=12.5),N/A,Principal Components (kDMD),0,2,0.4950251082823174,9.82062996621405,0.05040665517236207,0.5962296964806071,0.0710273117164123,0.0710273117164123,0.9218512664442882,0.0
rbf(gamma=12.5),N/A,Principal Components (kDMD),0,3,0.5260220715433305,10.435567877785868,0.05040665517236207,0.7676646185667817,0.0710273117164123,0.0710273117164123,0.7899323663328279,0.0
rbf(gamma=12.5),N/A,Principal Components (kDMD),0,4,0.5502526603683622,10.916270053761973,0.05040665517236207,0.8738937040375718,0.0710273117164123,0.0710273117164123,0.6679055360867064,0.0
rbf(gamma=12.5),N/A,Principal Components (kDMD),0,5,0.6393573566458917,12.68398695489025,0.05040665517236207,0.9804337089942189,0.0710273117164123,0.0710273117164123,0.23842969071734432,0.0
rbf(gamma=12.5),N/A,Principal Components (kDMD),1,1,0.4801334532615668,9.525199631274555,0.05040665517236207,0.39817852094159695,0.07102731171641352,0.07102731171641352,0.9928785781607014,0.0
rbf(gamma=12.5),N/A,Principal Components (kDMD),1,2,0.4950237492580927,9.820603005007836,0.05040665517236207,0.596229696480607,0.07102731171641352,0.07102731171641352,0.9218512664442878,0.0
rbf(gamma=12.5),N/A,Principal Components (kDMD),1,3,0.5260210804515025,10.435548215861772,0.05040665517236207,0.7676646185667815,0.07102731171641352,0.07102731171641352,0.7899323663328284,0.0
rbf(gamma=12.5),N/A,Principal Components (kDMD),1,4,0.5502490327157455,10.916198086030645,0.05040665517236207,0.8738937040375718,0.07102731171641352,0.07102731171641352,0.6679055360867067,0.0
rbf(gamma=12.5),N/A,Principal Components (kDMD),1,5,0.639356725424157,12.683974432303055,0.05040665517236207,0.9804337089942189,0.07102731171641352,0.07102731171641352,0.23842969071734454,0.0
rbf(gamma=12.5),N/A,Principal Components (kDMD),2,1,0.4801322893503954,9.525176540847955,0.05040665517236207,0.3981785209415972,0.07102731171641352,0.07102731171641352,0.9928785781607016,0.0
rbf(gamma=12.5),N/A,Principal Components (kDMD),2,2,0.4950236666742881,9.820601366656623,0.05040665517236207,0.5962296964806069,0.07102731171641352,0.07102731171641352,0.921851266444288,0.0
rbf(gamma=12.5),N/A,Principal Components (kDMD),2,3,0.5260212555131862,10.435551688849278,0.05040665517236207,0.7676646185667814,0.07102731171641352,0.07102731171641352,0.7899323663328286,0.0
rbf(gamma=12.5),N/A,Principal Components (kDMD),2,4,0.5502521345611833,10.916259622457275,0.05040665517236207,0.8738937040375718,0.07102731171641352,0.07102731171641352,0.667905536086705,0.0
rbf(gamma=12.5),N/A,Principal Components (kDMD),2,5,0.6393564873713344,12.683969709656376,0.05040665517236207,0.9804337089942191,0.07102731171641352,0.07102731171641352,0.23842969071734477,0.0
rbf(gamma=12.5),N/A,Principal Components (kDMD),3,1,0.48013396829186455,9.525209848780477,0.05040665517236207,0.39817852094159717,0.07102731171641308,0.07102731171641308,0.9928785781607004,0.0
rbf(gamma=12.5),N/A,Principal Components (kDMD),3,2,0.49502397566870976,9.82060749668887,0.05040665517236207,0.5962296964806072,0.07102731171641308,0.07102731171641308,0.9218512664442873,0.0
rbf(gamma=12.5),N/A,Principal Components (kDMD),3,3,0.5260248361788793,10.435622724423466,0.05040665517236207,0.7676646185667817,0.07102731171641308,0.07102731171641308,0.7899323663328286,0.0
rbf(gamma=12.5),N/A,Principal Components (kDMD),3,4,0.5502517902068547,10.916252790932203,0.05040665517236207,0.8738937040375717,0.07102731171641308,0.07102731171641308,0.6679055360867057,0.0
rbf(gamma=12.5),N/A,Principal Components (kDMD),3,5,0.6393571802900181,12.683983456227763,0.05040665517236207,0.980433708994219,0.07102731171641308,0.07102731171641308,0.2384296907173445,0.0
rbf(gamma=12.5),N/A,Principal Components (kDMD),4,1,0.48013189401397377,9.525168697906972,0.05040665517236207,0.3981785209415968,0.07102731171641097,0.07102731171641097,0.9928785781606991,0.0
rbf(gamma=12.5),N/A,Principal Components (kDMD),4,2,0.4950236291634608,9.820600622492442,0.05040665517236207,0.596229696480607,0.07102731171641097,0.07102731171641097,0.9218512664442882,0.0
rbf(gamma=12.5),N/A,Principal Components (kDMD),4,3,0.5260242871890706,10.435611833206684,0.05040665517236207,0.7676646185667816,0.07102731171641097,0.07102731171641097,0.7899323663328284,0.0
rbf(gamma=12.5),N/A,Principal Components (kDMD),4,4,0.5502500936470083,10.916219133474858,0.05040665517236207,0.8738937040375718,0.07102731171641097,0.07102731171641097,0.6679055360867068,0.0
rbf(gamma=12.5),N/A,Principal Components (kDMD),4,5,0.639357539332456,12.683990579145098,0.05040665517236207,0.9804337089942189,0.07102731171641097,0.07102731171641097,0.23842969071734427,0.0
rbf(gamma=12.5),N/A,Reduced Rank,0,1,171.55103100576656,12.397699824119341,13.83732736229178,0.11850130421960262,0.04882442914273044,0.04882442914273044,0.9998933585381183,0.0
rbf(gamma=12.5),N/A,Reduced Rank,0,2,266.6418839997684,19.269753256427,13.83732736229178,0.49768049529908576,0.04882442914273044,0.04882442914273044,0.9510689293953879,0.0
rbf(gamma=12.5),N/A,Reduced Rank,0,3,372.7271107968403,26.93635129371602,13.83732736229178,0.7485911850983719,0.04882442914273044,0.04882442914273044,0.8017375731402603,0.0
rbf(gamma=12.5),N/A,Reduced Rank,0,4,331.8353141969597,23.981171038942605,13.83732736229178,0.862060343612478,0.04882442914273044,0.04882442914273044,0.6903010584055894,0.0
rbf(gamma=12.5),N/A,Reduced Rank,0,5,917.5654163143273,66.31088448588653,13.83732736229178,0.9764489618648687,0.04882442914273044,0.04882442914273044,0.28864821528006124,0.0
rbf(gamma=12.5),N/A,Reduced Rank,1,1,171.5508356083655,12.397685703083107,13.83732736229178,0.11850130413979951,0.04882442914229179,0.04882442914229179,0.9998933585385317,0.0
rbf(gamma=12.5),N/A,Reduced Rank,1,2,266.64206158064314,19.26976608989332,13.83732736229178,0.4976804952969994,0.04882442914229179,0.04882442914229179,0.9510689293962399,0.0
rbf(gamma=12.5),N/A,Reduced Rank,1,3,372.7270992982803,26.93635046273474,13.83732736229178,0.7485911850981034,0.04882442914229179,0.04882442914229179,0.8017375731402853,0.0
rbf(gamma=12.5),N/A,Reduced Rank,1,4,331.8354257089286,23.98117909772202,13.83732736229178,0.8620603436085044,0.04882442914229179,0.04882442914229179,0.6903010584080104,0.0
rbf(gamma=12.5),N/A,Reduced Rank,1,5,917.565407528744,66.31088385096744,13.83732736229178,0.976448961856065,0.04882442914229179,0.04882442914229179,0.28864821530497076,0.0
rbf(gamma=12.5),N/A,Reduced Rank,2,1,171.55131431115302,12.397720298115443,13.83732736229178,0.11850130415622988,0.04882442914152452,0.04882442914152452,0.9998933585375014,0.0
rbf(gamma=12.5),N/A,Reduced Rank,2,2,266.64203198004776,19.26976395070888,13.83732736229178,0.4976804952983001,0.04882442914152452,0.04882442914152452,0.9510689293959769,0.0
rbf(gamma=12.5),N/A,Reduced Rank,2,3,372.7270744049389,26.9363486637355,13.83732736229178,0.7485911850971013,0.04882442914152452,0.04882442914152452,0.8017375731410108,0.0
rbf(gamma=12.5),N/A,Reduced Rank,2,4,331.8353882846173,23.981176393131,13.83732736229178,0.8620603436056827,0.04882442914152452,0.04882442914152452,0.6903010584059118,0.0
rbf(gamma=12.5),N/A,Reduced Rank,2,5,917.5654110068999,66.31088410232783,13.83732736229178,0.9764489618511232,0.04882442914152452,0.04882442914152452,0.2886482152875869,0.0
rbf(gamma=12.5),N/A,Reduced Rank,3,1,171.5507608354257,12.397680299370538,13.83732736229178,0.11850130417944144,0.04882442914071794,0.04882442914071794,0.9998933585370232,0.0
rbf(gamma=12.5),N/A,Reduced Rank,3,2,266.64225287051113,19.26977991408516,13.83732736229178,0.4976804952993002,0.04882442914071794,0.04882442914071794,0.9510689293963053,0.0
rbf(gamma=12.5),N/A,Reduced Rank,3,3,372.72704805894426,26.936346759755494,13.83732736229178,0.7485911850974893,0.04882442914071794,0.04882442914071794,0.8017375731408342,0.0
rbf(gamma=12.5),N/A,Reduced Rank,3,4,331.83536767537214,23.981174903736076,13.83732736229178,0.8620603436083073,0.04882442914071794,0.04882442914071794,0.690301058406503,0.0
rbf(gamma=12.5),N/A,Reduced Rank,3,5,917.5654068129182,66.31088379923594,13.83732736229178,0.9764489618538815,0.04882442914071794,0.04882442914071794,0.2886482152807919,0.0
rbf(gamma=12.5),N/A,Reduced Rank,4,1,171.55095795285465,12.397694544710248,13.83732736229178,0.11850130412451558,0.048824429144901815,0.048824429144901815,0.9998933585404006,0.0
rbf(gamma=12.5),N/A,Reduced Rank,4,2,266.64200398850807,19.269761927808144,13.83732736229178,0.4976804952938483,0.048824429144901815,0.048824429144901815,0.9510689293954988,0.0
rbf(gamma=12.5),N/A,Reduced Rank,4,3,372.7270339842292,26.93634574259989,13.83732736229178,0.7485911850977902,0.048824429144901815,0.048824429144901815,0.8017375731398576,0.0
rbf(gamma=12.5),N/A,Reduced Rank,4,4,331.83540692008347,23.98117773988429,13.83732736229178,0.8620603436069032,0.048824429144901815,0.048824429144901815,0.6903010584044706,0.0
rbf(gamma=12.5),N/A,Reduced Rank,4,5,917.5654172239551,66.31088455162379,13.83732736229178,0.976448961853101,0.048824429144901815,0.048824429144901815,0.2886482153110257,0.0
rbf(gamma=25),N/A,Principal Components (kDMD),0,1,0.7307721712848014,10.16843366921629,0.07186673926950286,0.5042021458907251,0.06875343805999223,0.06875343805999223,0.9800603564393093,0.0
rbf(gamma=25),N/A,Principal Components (kDMD),0,2,0.747673319820583,10.403607112558442,0.07186673926950286,0.6325253375335584,0.06875343805999223,0.06875343805999223,0.9113069183793171,0.0
rbf(gamma=25),N/A,Principal Components (kDMD),0,3,0.763270894282258,10.620641788407356,0.07186673926950286,0.7949058642269893,0.06875343805999223,0.06875343805999223,0.7642167688294448,0.0
rbf(gamma=25),N/A,Principal Components (kDMD),0,4,0.7885327233061871,10.972151113593187,0.07186673926950286,0.8921927290857389,0.06875343805999223,0.06875343805999223,0.6335915169224663,0.0
rbf(gamma=25),N/A,Principal Components (kDMD),0,5,0.8791249435705794,12.23270949129651,0.07186673926950286,0.9838900091512336,0.06875343805999223,0.06875343805999223,0.2184539740138708,0.0
rbf(gamma=25),N/A,Principal Components (kDMD),1,1,0.7307713768277136,10.168422614629762,0.07186673926950286,0.5042021458907257,0.06875343805999345,0.06875343805999345,0.9800603564393101,0.0
rbf(gamma=25),N/A,Principal Components (kDMD),1,2,0.74767270518429,10.403598560114023,0.07186673926950286,0.6325253375335584,0.06875343805999345,0.06875343805999345,0.9113069183793167,0.0
rbf(gamma=25),N/A,Principal Components (kDMD),1,3,0.7632739515419042,10.62068432908302,0.07186673926950286,0.7949058642269895,0.06875343805999345,0.06875343805999345,0.7642167688294452,0.0
rbf(gamma=25),N/A,Principal Components (kDMD),1,4,0.7885351662465001,10.972185106234816,0.07186673926950286,0.892192729085739,0.06875343805999345,0.06875343805999345,0.6335915169224658,0.0
rbf(gamma=25),N/A,Principal Components (kDMD),1,5,0.8791265572967563,12.232731945719701,0.07186673926950286,0.9838900091512336,0.06875343805999345,0.06875343805999345,0.218453974013871,0.0
rbf(gamma=25),N/A,Principal Components (kDMD),2,1,0.7307719735259744,10.168430917472868,0.07186673926950286,0.5042021458907247,0.06875343805999423,0.06875343805999423,0.9800603564393114,0.0
rbf(gamma=25),N/A,Principal Components (kDMD),2,2,0.7476726181915841,10.403597349641604,0.07186673926950286,0.6325253375335583,0.06875343805999423,0.06875343805999423,0.9113069183793172,0.0
rbf(gamma=25),N/A,Principal Components (kDMD),2,3,0.763273957578019,10.620684413073398,0.07186673926950286,0.7949058642269893,0.06875343805999423,0.06875343805999423,0.7642167688294467,0.0
rbf(gamma=25),N/A,Principal Components (kDMD),2,4,0.7885324067167399,10.972146708364141,0.07186673926950286,0.8921927290857389,0.06875343805999423,0.06875343805999423,0.6335915169224662,0.0
rbf(gamma=25),N/A,Principal Components (kDMD),2,5,0.8791267149961753,12.232734140050775,0.07186673926950286,0.9838900091512335,0.06875343805999423,0.06875343805999423,0.21845397401387107,0.0
rbf(gamma=25),N/A,Principal Components (kDMD),3,1,0.7307737816207086,10.16845607646509,0.07186673926950286,0.5042021458907249,0.06875343805999468,0.06875343805999468,0.9800603564393117,0.0
rbf(gamma=25),N/A,Principal Components (kDMD),3,2,0.747671260406612,10.403578456548834,0.07186673926950286,0.6325253375335584,0.06875343805999468,0.06875343805999468,0.911306918379317,0.0
rbf(gamma=25),N/A,Principal Components (kDMD),3,3,0.7632725047806243,10.620664197916714,0.07186673926950286,0.7949058642269893,0.06875343805999468,0.06875343805999468,0.7642167688294466,0.0
rbf(gamma=25),N/A,Principal Components (kDMD),3,4,0.7885299449838994,10.972112454231208,0.07186673926950286,0.8921927290857389,0.06875343805999468,0.06875343805999468,0.6335915169224668,0.0
rbf(gamma=25),N/A,Principal Components (kDMD),3,5,0.8791253449254233,12.232715076005766,0.07186673926950286,0.9838900091512335,0.06875343805999468,0.06875343805999468,0.21845397401387068,0.0
rbf(gamma=25),N/A,Principal Components (kDMD),4,1,0.7307736277038366,10.168453934766807,0.07186673926950286,0.5042021458907253,0.06875343805999379,0.06875343805999379,0.9800603564393104,0.0
rbf(gamma=25),N/A,Principal Components (kDMD),4,2,0.7476733504730231,10.403607539076193,0.07186673926950286,0.6325253375335586,0.06875343805999379,0.06875343805999379,0.9113069183793167,0.0
rbf(gamma=25),N/A,Principal Components (kDMD),4,3,0.7632690291930793,10.620615836357802,0.07186673926950286,0.7949058642269893,0.06875343805999379,0.06875343805999379,0.7642167688294471,0.0
rbf(gamma=25),N/A,Principal Components (kDMD),4,4,0.7885308509075751,10.972125059835482,0.07186673926950286,0.8921927290857389,0.06875343805999379,0.06875343805999379,0.6335915169224663,0.0
rbf(gamma=25),N/A,Principal Components (kDMD),4,5,0.8791254521612343,12.232716568153762,0.07186673926950286,0.9838900091512335,0.06875343805999379,0.06875343805999379,0.21845397401387112,0.0
rbf(gamma=25),N/A,Reduced Rank,0,1,830.9662828205451,13.129021850719097,63.29232232750315,0.1593976661852651,0.04863760527939165,0.04863760527939165,0.9997244569758796,0.0
rbf(gamma=25),N/A,Reduced Rank,0,2,1452.668220736985,22.951728856151327,63.29232232750315,0.4997736422222826,0.04863760527939165,0.04863760527939165,0.951086851696488,0.0
rbf(gamma=25),N/A,Reduced Rank,0,3,1761.723563299368,27.834711992134086,63.29232232750315,0.7484086009589087,0.04863760527939165,0.04863760527939165,0.8009099379026524,0.0
rbf(gamma=25),N/A,Reduced Rank,0,4,2329.3160252657553,36.80250525826528,63.29232232750315,0.8644338734802915,0.04863760527939165,0.04863760527939165,0.6879480222694664,0.0
rbf(gamma=25),N/A,Reduced Rank,0,5,3927.591885288076,62.05479181131854,63.29232232750315,0.9793230768206167,0.04863760527939165,0.04863760527939165,0.28695117829233097,0.0
rbf(gamma=25),N/A,Reduced Rank,1,1,830.9662888481553,13.129021945953559,63.29232232750315,0.15939766621914916,0.04863760528069527,0.04863760528069527,0.9997244569774592,0.0
rbf(gamma=25),N/A,Reduced Rank,1,2,1452.668599551028,22.951734841301327,63.29232232750315,0.49977364222124493,0.04863760528069527,0.04863760528069527,0.9510868516967639,0.0
rbf(gamma=25),N/A,Reduced Rank,1,3,1761.7235788783653,27.834712238277643,63.29232232750315,0.7484086009597586,0.04863760528069527,0.04863760528069527,0.8009099379015718,0.0
rbf(gamma=25),N/A,Reduced Rank,1,4,2329.316079501872,36.8025061151799,63.29232232750315,0.8644338734835347,0.04863760528069527,0.04863760528069527,0.6879480222683788,0.0
rbf(gamma=25),N/A,Reduced Rank,1,5,3927.591852434696,62.05479129224484,63.29232232750315,0.9793230768275623,0.04863760528069527,0.04863760528069527,0.28695117828004746,0.0
rbf(gamma=25),N/A,Reduced Rank,2,1,830.96591522443,13.129016042809045,63.29232232750315,0.15939766619182566,0.04863760527634564,0.04863760527634564,0.9997244569753695,0.0
rbf(gamma=25),N/A,Reduced Rank,2,2,1452.6684096290967,22.951731840590906,63.29232232750315,0.49977364222417353,0.04863760527634564,0.04863760527634564,0.9510868516990238,0.0
rbf(gamma=25),N/A,Reduced Rank,2,3,1761.7234112748376,27.834709590191405,63.29232232750315,0.7484086009592633,0.04863760527634564,0.04863760527634564,0.8009099379001375,0.0
rbf(gamma=25),N/A,Reduced Rank,2,4,2329.3160123646376,36.80250505443142,63.29232232750315,0.8644338734823981,0.04863760527634564,0.04863760527634564,0.687948022269188,0.0
rbf(gamma=25),N/A,Reduced Rank,2,5,3927.5918755926755,62.05479165813407,63.29232232750315,0.9793230768203018,0.04863760527634564,0.04863760527634564,0.2869511782900652,0.0
rbf(gamma=25),N/A,Reduced Rank,3,1,830.9672239002306,13.12903671950019,63.29232232750315,0.15939766620745854,0.04863760527815664,0.04863760527815664,0.9997244569757222,0.0
rbf(gamma=25),N/A,Reduced Rank,3,2,1452.668159633493,22.951727890734198,63.29232232750315,0.4997736422219693,0.04863760527815664,0.04863760527815664,0.9510868516975656,0.0
rbf(gamma=25),N/A,Reduced Rank,3,3,1761.7233989321803,27.834709395181065,63.29232232750315,0.7484086009593887,0.04863760527815664,0.04863760527815664,0.8009099379020763,0.0
rbf(gamma=25),N/A,Reduced Rank,3,4,2329.316050265298,36.80250565325067,63.29232232750315,0.8644338734818898,0.04863760527815664,0.04863760527815664,0.6879480222679593,0.0
rbf(gamma=25),N/A,Reduced Rank,3,5,3927.5918726110385,62.05479161102509,63.29232232750315,0.9793230768244436,0.04863760527815664,0.04863760527815664,0.2869511782818496,0.0
rbf(gamma=25),N/A,Reduced Rank,4,1,830.9663525843811,13.129022952967102,63.29232232750315,0.15939766621643292,0.04863760528101946,0.04863760528101946,0.9997244569776058,0.0
rbf(gamma=25),N/A,Reduced Rank,4,2,1452.6682290214721,22.95172898704378,63.29232232750315,0.4997736422207412,0.04863760528101946,0.04863760528101946,0.9510868516965864,0.0
rbf(gamma=25),N/A,Reduced Rank,4,3,1761.7238477312899,27.83471648607445,63.29232232750315,0.7484086009611464,0.04863760528101946,0.04863760528101946,0.8009099379044831,0.0
rbf(gamma=25),N/A,Reduced Rank,4,4,2329.3160464922703,36.80250559363794,63.29232232750315,0.8644338734818041,0.04863760528101946,0.04863760528101946,0.6879480222649625,0.0
rbf(gamma=25),N/A,Reduced Rank,4,5,3927.5918450656204,62.05479117581562,63.29232232750315,0.9793230768281063,0.04863760528101946,0.04863760528101946,0.2869511782813846,0.0
rbf(gamma=50),N/A,Principal Components (kDMD),0,1,0.8401472668656222,10.883154713978552,0.07719703421899529,0.6399779049822153,0.0430123243880699,0.0430123243880699,0.9366537609893395,0.0
rbf(gamma=50),N/A,Principal Components (kDMD),0,2,0.8591849164871223,11.129765867037792,0.07719703421899529,0.6800258391035197,0.0430123243880699,0.0430123243880699,0.8936414366012696,0.0
rbf(gamma=50),N/A,Principal Components (kDMD),0,3,0.8537020179912622,11.058741137249521,0.07719703421899529,0.8300168899236382,0.0430123243880699,0.0430123243880699,0.7299465730814487,0.0
rbf(gamma=50),N/A,Principal Components (kDMD),0,4,0.8829003917730346,11.436972944691002,0.07719703421899529,0.9113694968735864,0.0430123243880699,0.0430123243880699,0.5962938383289662,0.0
rbf(gamma=50),N/A,Principal Components (kDMD),0,5,0.9506393545078519,12.314454358583832,0.07719703421899529,0.987479621131768,0.0430123243880699,0.0430123243880699,0.18640769714369065,0.0
rbf(gamma=50),N/A,Principal Components (kDMD),1,1,0.8401455339631657,10.883132266193167,0.07719703421899529,0.6399779049822152,0.04301232438806912,0.04301232438806912,0.9366537609893391,0.0
rbf(gamma=50),N/A,Principal Components (kDMD),1,2,0.8591838283891863,11.129751771963454,0.07719703421899529,0.68002583910352,0.04301232438806912,0.04301232438806912,0.8936414366012699,0.0
rbf(gamma=50),N/A,Principal Components (kDMD),1,3,0.8537020742917796,11.058741866558853,0.07719703421899529,0.8300168899236381,0.04301232438806912,0.04301232438806912,0.7299465730814491,0.0
rbf(gamma=50),N/A,Principal Components (kDMD),1,4,0.8828985845334285,11.436949533952177,0.07719703421899529,0.9113694968735864,0.04301232438806912,0.04301232438806912,0.5962938383289665,0.0
rbf(gamma=50),N/A,Principal Components (kDMD),1,5,0.9506383707675644,12.31444161534444,0.07719703421899529,0.987479621131768,0.04301232438806912,0.04301232438806912,0.18640769714369054,0.0
rbf(gamma=50),N/A,Principal Components (kDMD),2,1,0.8401467472618385,10.883147983101013,0.07719703421899529,0.6399779049822136,0.04301232438806846,0.04301232438806846,0.9366537609893398,0.0
rbf(gamma=50),N/A,Principal Components (kDMD),2,2,0.859182401952494,11.129733294094367,0.07719703421899529,0.6800258391035207,0.04301232438806846,0.04301232438806846,0.8936414366012714,0.0
rbf(gamma=50),N/A,Principal Components (kDMD),2,3,0.8537055689428279,11.05878713579858,0.07719703421899529,0.8300168899236383,0.04301232438806846,0.04301232438806846,0.7299465730814491,0.0
rbf(gamma=50),N/A,Principal Components (kDMD),2,4,0.8828979712613736,11.43694158970845,0.07719703421899529,0.9113694968735861,0.04301232438806846,0.04301232438806846,0.5962938383289663,0.0
rbf(gamma=50),N/A,Principal Components (kDMD),2,5,0.9506383938586501,12.31444191446326,0.07719703421899529,0.9874796211317681,0.04301232438806846,0.04301232438806846,0.18640769714369088,0.0
rbf(gamma=50),N/A,Principal Components (kDMD),3,1,0.8401501013173474,10.883191431085029,0.07719703421899529,0.6399779049822146,0.04301232438806912,0.04301232438806912,0.93665376098934,0.0
rbf(gamma=50),N/A,Principal Components (kDMD),3,2,0.859178036617045,11.129676746126,0.07719703421899529,0.6800258391035204,0.04301232438806912,0.04301232438806912,0.8936414366012708,0.0
rbf(gamma=50),N/A,Principal Components (kDMD),3,3,0.8536958535934696,11.058661284469489,0.07719703421899529,0.8300168899236381,0.04301232438806912,0.04301232438806912,0.7299465730814493,0.0
rbf(gamma=50),N/A,Principal Components (kDMD),3,4,0.8828941337996687,11.436891879745577,0.07719703421899529,0.9113694968735864,0.04301232438806912,0.04301232438806912,0.5962938383289662,0.0
rbf(gamma=50),N/A,Principal Components (kDMD),3,5,0.9506419336586518,12.314487768556457,0.07719703421899529,0.987479621131768,0.04301232438806912,0.04301232438806912,0.18640769714369088,0.0
rbf(gamma=50),N/A,Principal Components (kDMD),4,1,0.8401503089591137,10.883194120848547,0.07719703421899529,0.6399779049822142,0.04301232438807023,0.04301232438807023,0.93665376098934,0.0
rbf(gamma=50),N/A,Principal Components (kDMD),4,2,0.8591867905572208,11.129790143489828,0.07719703421899529,0.6800258391035197,0.04301232438807023,0.04301232438807023,0.8936414366012697,0.0
rbf(gamma=50),N/A,Principal Components (kDMD),4,3,0.8537019825988288,11.058740678780698,0.07719703421899529,0.8300168899236384,0.04301232438807023,0.04301232438807023,0.7299465730814494,0.0
rbf(gamma=50),N/A,Principal Components (kDMD),4,4,0.8828951433130154,11.436904956845714,0.07719703421899529,0.9113694968735866,0.04301232438807023,0.04301232438807023,0.5962938383289662,0.0
rbf(gamma=50),N/A,Principal Components (kDMD),4,5,0.9506386772493882,12.314445585468771,0.07719703421899529,0.9874796211317681,0.04301232438807023,0.04301232438807023,0.18640769714369054,0.0
rbf(gamma=50),N/A,Reduced Rank,0,1,2119.358496947487,18.20735318244301,116.40124051590004,0.21006810644663276,0.048586866484740976,0.048586866484740976,0.9992296169785968,0.0
rbf(gamma=50),N/A,Reduced Rank,0,2,2345.2402195357763,20.147897128428145,116.40124051590004,0.5021578573893062,0.048586866484740976,0.048586866484740976,0.9506427504938558,0.0
rbf(gamma=50),N/A,Reduced Rank,0,3,3384.4943411949653,29.07610199165063,116.40124051590004,0.7519846558692762,0.048586866484740976,0.048586866484740976,0.7998527717497087,0.0
rbf(gamma=50),N/A,Reduced Rank,0,4,4855.309359034729,41.711835179037536,116.40124051590004,0.8737123973197066,0.048586866484740976,0.048586866484740976,0.6849789147274085,0.0
rbf(gamma=50),N/A,Reduced Rank,0,5,8318.6021199602,71.46489232495684,116.40124051590004,0.9857888419776514,0.048586866484740976,0.048586866484740976,0.2789622292057866,0.0
rbf(gamma=50),N/A,Reduced Rank,1,1,2119.3568404544844,18.207338951555133,116.40124051590004,0.21006810644742502,0.04858686648587918,0.04858686648587918,0.9992296169793055,0.0
rbf(gamma=50),N/A,Reduced Rank,1,2,2345.239224718226,20.1478885819767,116.40124051590004,0.5021578573885465,0.04858686648587918,0.04858686648587918,0.9506427504934263,0.0
rbf(gamma=50),N/A,Reduced Rank,1,3,3384.493550809211,29.07609520146737,116.40124051590004,0.7519846558672562,0.04858686648587918,0.04858686648587918,0.7998527717466517,0.0
rbf(gamma=50),N/A,Reduced Rank,1,4,4855.309441231541,41.711835885188194,116.40124051590004,0.8737123973215596,0.04858686648587918,0.04858686648587918,0.6849789147293388,0.0
rbf(gamma=50),N/A,Reduced Rank,1,5,8318.602225758657,71.46489323386861,116.40124051590004,0.9857888419780221,0.04858686648587918,0.04858686648587918,0.2789622292078324,0.0
rbf(gamma=50),N/A,Reduced Rank,2,1,2119.3585858249553,18.207353945987006,116.40124051590004,0.21006810644459176,0.048586866481443836,0.048586866481443836,0.9992296169769614,0.0
rbf(gamma=50),N/A,Reduced Rank,2,2,2345.2412188612084,20.147905713606683,116.40124051590004,0.5021578573914639,0.048586866481443836,0.048586866481443836,0.9506427504955176,0.0
rbf(gamma=50),N/A,Reduced Rank,2,3,3384.4935037792325,29.076094797434063,116.40124051590004,0.7519846558679713,0.048586866481443836,0.048586866481443836,0.7998527717463296,0.0
rbf(gamma=50),N/A,Reduced Rank,2,4,4855.309379755995,41.71183535705339,116.40124051590004,0.8737123973210502,0.048586866481443836,0.048586866481443836,0.6849789147297342,0.0
rbf(gamma=50),N/A,Reduced Rank,2,5,8318.6022452481,71.4648934013019,116.40124051590004,0.9857888419777093,0.048586866481443836,0.048586866481443836,0.27896222920478103,0.0
rbf(gamma=50),N/A,Reduced Rank,3,1,2119.3579868883226,18.207348800538124,116.40124051590004,0.21006810643998233,0.0485868664809056,0.0485868664809056,0.9992296169773695,0.0
rbf(gamma=50),N/A,Reduced Rank,3,2,2345.239995598041,20.14789520458494,116.40124051590004,0.5021578573916522,0.0485868664809056,0.0485868664809056,0.9506427504964639,0.0
rbf(gamma=50),N/A,Reduced Rank,3,3,3384.4943004343577,29.076101641477322,116.40124051590004,0.7519846558684362,0.0485868664809056,0.0485868664809056,0.7998527717466248,0.0
rbf(gamma=50),N/A,Reduced Rank,3,4,4855.309290423848,41.711834589603264,116.40124051590004,0.8737123973212145,0.0485868664809056,0.0485868664809056,0.6849789147288807,0.0
rbf(gamma=50),N/A,Reduced Rank,3,5,8318.602296185332,71.46489383890233,116.40124051590004,0.9857888419771902,0.0485868664809056,0.0485868664809056,0.2789622292074534,0.0
rbf(gamma=50),N/A,Reduced Rank,4,1,2119.356638854075,18.20733721961131,116.40124051590004,0.21006810644000898,0.04858686648396027,0.04858686648396027,0.999229616977091,0.0
rbf(gamma=50),N/A,Reduced Rank,4,2,2345.2403896826877,20.14789859015579,116.40124051590004,0.5021578573889762,0.04858686648396027,0.04858686648396027,0.9506427504931307,0.0
rbf(gamma=50),N/A,Reduced Rank,4,3,3384.4937608036103,29.076097005523742,116.40124051590004,0.7519846558666923,0.04858686648396027,0.04858686648396027,0.799852771748053,0.0
rbf(gamma=50),N/A,Reduced Rank,4,4,4855.309473193925,41.7118361597762,116.40124051590004,0.8737123973206811,0.04858686648396027,0.04858686648396027,0.6849789147308736,0.0
rbf(gamma=50),N/A,Reduced Rank,4,5,8318.602308329782,71.46489394323497,116.40124051590004,0.9857888419748927,0.04858686648396027,0.04858686648396027,0.27896222921009456,0.0
